,wave,flux
0,9651.152000000002,0.11989276111133423
1,9651.226000000002,0.12444071122957001
2,9651.300000000003,0.12852383460907524
3,9651.374000000003,0.1250347643202061
4,9651.448000000004,0.12692849121364955
5,9651.522000000004,0.12901127889183572
6,9651.596000000005,0.1280506997836727
7,9651.670000000006,0.12887392494126387
8,9651.744000000006,0.12579265904400816
9,9651.818000000007,0.11648786314647112
10,9651.892000000007,0.11714115411500003
11,9651.966000000008,0.1276763799006586
12,9652.040000000008,0.125041715871486
13,9652.114000000009,0.126160882350592
14,9652.18800000001,0.12741617816566242
15,9652.26200000001,0.11864866166491198
16,9652.33600000001,0.12694258766989552
17,9652.41000000001,0.12520027612522552
18,9652.484000000011,0.12816963479165477
19,9652.558000000012,0.13119452933996356
20,9652.632000000012,0.1282796835275405
21,9652.706000000013,0.12304684605147122
22,9652.780000000013,0.12061853789451217
23,9652.854000000014,0.12314267486034011
24,9652.928000000014,0.12140677348375921
25,9653.002000000015,0.11986133425901235
26,9653.076000000015,0.12543272796622584
27,9653.150000000016,0.12647133245364586
28,9653.224000000017,0.12219107770697259
29,9653.298000000017,0.12113020376611934
30,9653.372000000018,0.12137887367450417
31,9653.446000000018,0.12453432452776991
32,9653.520000000019,0.12354242047600845
33,9653.59400000002,0.12444261141254545
34,9653.66800000002,0.12138217925698604
35,9653.74200000002,0.12244161446328361
36,9653.81600000002,0.1328401511489108
37,9653.890000000021,0.12408954896586535
38,9653.964000000022,0.1189471157220916
39,9654.038000000022,0.12257607049357157
40,9654.112000000023,0.12350526803710907
41,9654.186000000023,0.1207608969911177
42,9654.260000000024,0.12154236462840996
43,9654.334000000024,0.1225882292839402
44,9654.408000000025,0.12377140136261525
45,9654.482000000025,0.1278015963408135
46,9655.07400000003,0.11211859316354637
47,9655.14800000003,0.1277074031369092
48,9655.22200000003,0.1242782958859899
49,9655.296000000031,0.12279354464938562
50,9655.370000000032,0.1258862158789974
51,9655.444000000032,0.12220360843646882
52,9655.518000000033,0.11798712342302703
53,9655.592000000033,0.11613283070043273
54,9655.666000000034,0.11202778879771769
55,9655.740000000034,0.10745035279936688
56,9655.814000000035,0.11022857666230243
57,9655.888000000035,0.1220901340208349
58,9655.962000000036,0.13040873890868385
59,9656.036000000036,0.12554942215784015
60,9656.110000000037,0.12525556277275687
61,9656.184000000037,0.1272928467039378
62,9656.258000000038,0.13568848999369904
63,9656.332000000039,0.12970144280589666
64,9656.406000000039,0.12988559450342524
65,9656.48000000004,0.11754550505079495
66,9656.55400000004,0.12550296090608204
67,9656.62800000004,0.12611008098448723
68,9656.702000000041,0.12871760551526518
69,9656.776000000042,0.13315739001527022
70,9656.850000000042,0.12807488653791843
71,9656.924000000043,0.12576355864591937
72,9656.998000000043,0.13030853273247966
73,9657.072000000044,0.12902639271638483
74,9657.146000000044,0.12278980174324926
75,9657.220000000045,0.12498886984976947
76,9657.294000000045,0.1303190773402145
77,9657.368000000046,0.12590689930823099
78,9657.442000000046,0.12174118096548141
79,9657.516000000047,0.12903637953158892
80,9657.590000000047,0.13252514859829045
81,9657.664000000048,0.13202424690728526
82,9657.738000000048,0.12741147119778695
83,9657.812000000049,0.1266837961078674
84,9657.88600000005,0.1305369655919617
85,9658.404000000053,0.12487461066359659
86,9658.478000000054,0.1283636912182618
87,9658.552000000054,0.13055794309398383
88,9658.626000000055,0.12743199490192877
89,9658.700000000055,0.12540954737339247
90,9658.774000000056,0.12597245679160385
91,9658.848000000056,0.12486753456225452
92,9658.922000000057,0.12655899212528335
93,9658.996000000057,0.12931253284709043
94,9659.070000000058,0.128259803207473
95,9659.144000000058,0.12540108360268076
96,9659.218000000059,0.12891067189153527
97,9659.29200000006,0.12412837696521747
98,9659.36600000006,0.1253886922580087
99,9659.44000000006,0.13083683139582397
100,9659.514000000061,0.13197398547696476
101,9659.588000000062,0.1293925129690639
102,9659.662000000062,0.12290821637123232
103,9659.736000000063,0.12399717655501592
104,9659.810000000063,0.11699205348616451
105,9659.884000000064,0.11323164481781128
106,9659.958000000064,0.1192068398555838
107,9660.032000000065,0.12795856867457356
108,9660.106000000065,0.12929451496757047
109,9660.180000000066,0.12729352366003863
110,9660.254000000066,0.12918084297218774
111,9660.328000000067,0.12966904154786807
112,9660.402000000067,0.1302598891046411
113,9660.476000000068,0.1331360698566414
114,9660.550000000068,0.12817898242348288
115,9660.624000000069,0.11901953582756272
116,9660.69800000007,0.12593287798239722
117,9660.77200000007,0.12726047550219524
118,9660.84600000007,0.13315817476144665
119,9660.920000000071,0.13202527802124575
120,9660.994000000072,0.1277486589820231
121,9661.068000000072,0.12726438735135592
122,9661.142000000073,0.1250256014452935
123,9661.216000000073,0.12870232393244282
124,9661.290000000074,0.13112707955333922
125,9661.364000000074,0.12962820846232953
126,9661.438000000075,0.12517252563577
127,9661.512000000075,0.1249547148942529
128,9661.586000000076,0.1287276288189763
129,9661.660000000076,0.12884262431694424
130,9661.734000000077,0.12474166150861574
131,9661.808000000077,0.12207157652833847
132,9661.882000000078,0.12035727632873255
133,9661.956000000078,0.11839544059668439
134,9662.030000000079,0.12160522900742537
135,9662.10400000008,0.12533120525062885
136,9662.17800000008,0.13028863179639671
137,9662.25200000008,0.12927112563811335
138,9662.326000000081,0.1264110078506714
139,9662.400000000081,0.12434116276915924
140,9662.474000000082,0.1279790159300408
141,9662.548000000083,0.12843715917168008
142,9662.622000000083,0.12419829915183177
143,9662.696000000084,0.12169312093021376
144,9662.770000000084,0.1175596514110473
145,9662.844000000085,0.12382199841286766
146,9662.918000000085,0.12221098092864535
147,9662.992000000086,0.1212949852562408
148,9663.066000000086,0.12588085026707682
149,9663.140000000087,0.1279087895592897
150,9663.214000000087,0.12742250585331324
151,9663.288000000088,0.12648491797553163
152,9663.362000000088,0.12871562434265005
153,9663.436000000089,0.1324859564641529
154,9663.51000000009,0.1257439363206079
155,9663.58400000009,0.12582945798714967
156,9663.65800000009,0.1257023567092588
157,9663.732000000091,0.12773432219277453
158,9663.806000000091,0.12208492165184226
159,9663.880000000092,0.13040183870697117
160,9663.954000000092,0.12761934967456515
161,9664.028000000093,0.10459785683271808
162,9664.102000000094,0.10319060418010934
163,9664.620000000097,0.12341975486075096
164,9664.694000000098,0.12336247948593887
165,9664.768000000098,0.12721380489283304
166,9664.842000000099,0.12846415255110652
167,9664.9160000001,0.1259774673239129
168,9664.9900000001,0.12661312345795978
169,9665.0640000001,0.12715172247892842
170,9665.878000000106,0.11878016841628299
171,9665.952000000107,0.12068744888622776
172,9666.026000000107,0.12733022343717354
173,9666.100000000108,0.13328372368353958
174,9666.174000000108,0.12295867204029748
175,9666.248000000109,0.11639120079852686
176,9666.32200000011,0.1211027827518118
177,9666.39600000011,0.1265228108216171
178,9666.47000000011,0.1285495582193062
179,9666.54400000011,0.12745763888082884
180,9666.618000000111,0.12314891714571771
181,9666.692000000112,0.11989211776805371
182,9666.766000000112,0.12113704902168287
183,9666.840000000113,0.12140728261420267
184,9666.914000000113,0.11809400950285318
185,9666.988000000114,0.11958111463036311
186,9667.062000000114,0.12091854746508471
187,9667.136000000115,0.12348256677095953
188,9667.210000000116,0.12124164035496307
189,9667.284000000116,0.1199057828504864
190,9667.358000000117,0.12435195258657648
191,9667.432000000117,0.1254446844029023
192,9667.506000000118,0.12322972544151661
193,9667.580000000118,0.12778438232350986
194,9668.098000000122,0.12556452603851692
195,9668.172000000122,0.12120079363882569
196,9668.246000000123,0.12076575926476901
197,9668.320000000123,0.12406282784340292
198,9668.394000000124,0.12758153629771637
199,9668.468000000124,0.12692684843658533
200,9668.542000000125,0.12649403174151053
201,9668.616000000125,0.12273936907342839
202,9668.690000000126,0.11991588705656632
203,9668.764000000127,0.1250686703644409
204,9668.838000000127,0.1303904563326474
205,9668.912000000128,0.1257082380729535
206,9668.986000000128,0.12721421358676488
207,9669.060000000129,0.12116982657970812
208,9669.13400000013,0.12172145591360431
209,9669.20800000013,0.12412853577067501
210,9669.28200000013,0.1271168499884384
211,9669.35600000013,0.12321760741119861
212,9669.430000000131,0.12273461497575278
213,9669.504000000132,0.1264778808966276
214,9669.578000000132,0.12697502134775268
215,9669.652000000133,0.12587308439117656
216,9669.726000000133,0.11645498088908111
217,9669.800000000134,0.10298587550968333
218,9669.874000000134,0.09473413217075324
219,9669.948000000135,0.09553499187954088
220,9670.022000000135,0.10746131908718623
221,9670.096000000136,0.12187886600071582
222,9670.170000000136,0.12456096015634041
223,9670.244000000137,0.12231606791548949
224,9670.318000000138,0.13055188464961168
225,9670.392000000138,0.13259265981660612
226,9670.466000000139,0.12489943683589247
227,9670.54000000014,0.12258451070445624
228,9670.61400000014,0.12341792400034535
229,9670.68800000014,0.12344795748034544
230,9670.76200000014,0.12361499128487277
231,9670.836000000141,0.1343859863548762
232,9670.910000000142,0.1293535067464386
233,9670.984000000142,0.12958761528833496
234,9671.058000000143,0.1265804580155999
235,9671.132000000143,0.1272219365054928
236,9671.206000000144,0.12337860574730902
237,9671.280000000144,0.12272789502805494
238,9671.354000000145,0.12359359706114847
239,9671.428000000145,0.12326807300259982
240,9671.502000000146,0.12581523644460643
241,9671.576000000146,0.12624787198669313
242,9671.650000000147,0.12494926169611709
243,9671.724000000147,0.12601642252590262
244,9671.798000000148,0.12742102106765124
245,9671.872000000149,0.12898276363872163
246,9671.946000000149,0.12777960513623002
247,9672.02000000015,0.12280574783796605
248,9672.09400000015,0.12382536613662418
249,9672.16800000015,0.12338058107553115
250,9672.242000000151,0.12229792251645613
251,9672.316000000152,0.12087045150193809
252,9672.390000000152,0.1185345542743259
253,9672.464000000153,0.12231608790542922
254,9672.538000000153,0.12349697964745318
255,9672.612000000154,0.12276899649057627
256,9672.686000000154,0.12440945341527371
257,9672.760000000155,0.12511392955763745
258,9672.834000000155,0.12094204167402205
259,9672.908000000156,0.12363205721750065
260,9672.982000000156,0.12579370932015008
261,9673.056000000157,0.11162288516480469
262,9673.130000000157,0.08596082902426336
263,9673.204000000158,0.08070819356154794
264,9673.278000000158,0.0962428478072489
265,9673.352000000159,0.1153598828650394
266,9673.42600000016,0.12202006708561117
267,9674.018000000164,0.12452916928247901
268,9674.092000000164,0.12741125680005133
269,9674.166000000165,0.12699568997812544
270,9674.240000000165,0.12468991477715363
271,9674.314000000166,0.12318855288316424
272,9674.388000000166,0.12325804153139015
273,9674.462000000167,0.11679410931249772
274,9674.536000000167,0.12439326825448131
275,9674.610000000168,0.12480104654403959
276,9674.684000000168,0.12342535023289675
277,9674.758000000169,0.11802751328784453
278,9674.83200000017,0.12234392594491283
279,9674.90600000017,0.12509514037376535
280,9674.98000000017,0.12877958905554898
281,9675.054000000171,0.12972525553662811
282,9675.128000000172,0.1282964763406896
283,9675.202000000172,0.12843854876359873
284,9675.276000000173,0.12517898838638225
285,9675.350000000173,0.12497183250430893
286,9675.424000000174,0.12664386479918271
287,9675.498000000174,0.1251477026643919
288,9675.572000000175,0.12483983155796298
289,9675.646000000175,0.12525244241331043
290,9675.720000000176,0.12432769517545228
291,9675.794000000176,0.12231036721457542
292,9675.868000000177,0.12248110487592556
293,9675.942000000177,0.12587597986514085
294,9676.016000000178,0.12629948662115792
295,9676.090000000178,0.11838513792255359
296,9676.164000000179,0.1229785791394474
297,9676.23800000018,0.12150843202001485
298,9676.31200000018,0.12083272892105727
299,9676.38600000018,0.12461223467868976
300,9676.460000000181,0.11962642166266318
301,9676.534000000182,0.12310086472279926
302,9676.608000000182,0.12369432384973794
303,9676.682000000183,0.11821439362319607
304,9676.756000000183,0.12181729803057134
305,9676.830000000184,0.12079712475724239
306,9676.904000000184,0.12450949711000565
307,9676.978000000185,0.12554586097765696
308,9677.052000000185,0.12250786813982373
309,9677.126000000186,0.12264565220778775
310,9677.200000000186,0.12247876590446681
311,9677.274000000187,0.12004693379039262
312,9677.348000000187,0.1180701408295515
313,9677.422000000188,0.11665648870865787
314,9677.496000000188,0.114303925720284
315,9677.570000000189,0.11179238072118053
316,9677.64400000019,0.10991565899160251
317,9677.71800000019,0.10666280167041779
318,9677.79200000019,0.10096390759468202
319,9677.866000000191,0.09482468682501524
320,9677.940000000192,0.08594793298014708
321,9678.014000000192,0.06967278689173322
322,9678.088000000193,0.051923576120735275
323,9678.162000000193,0.04119530791200587
324,9678.236000000194,0.050417886162432785
325,9678.310000000194,0.06306650420852628
326,9678.384000000195,0.07793252319187821
327,9678.458000000195,0.09326306508438786
328,9678.532000000196,0.09830944672809469
329,9678.606000000196,0.09883110441155633
330,9678.680000000197,0.10376724164196112
331,9678.754000000197,0.11091373259447221
332,9678.828000000198,0.10609828690828278
333,9678.902000000198,0.1050895919601049
334,9678.976000000199,0.11205292756885295
335,9679.0500000002,0.11496971798733197
336,9679.1240000002,0.1170800369324064
337,9679.1980000002,0.11953858346787824
338,9679.272000000201,0.1211512646588638
339,9679.346000000201,0.12021549260254905
340,9679.420000000202,0.12059985714301509
341,9679.494000000203,0.12138970095020071
342,9679.568000000203,0.12230014244893525
343,9679.642000000204,0.1247952533543185
344,9679.716000000204,0.1246699714369478
345,9679.790000000205,0.12212392072172909
346,9679.864000000205,0.12177980923592399
347,9679.938000000206,0.12311713847355243
348,9680.012000000206,0.12265260956650498
349,9680.086000000207,0.11954803664070493
350,9680.160000000207,0.12108733694976749
351,9680.234000000208,0.12020040910512941
352,9680.308000000208,0.1230517701601418
353,9680.382000000209,0.12345005452092123
354,9680.45600000021,0.12330628859450318
355,9680.53000000021,0.1256342757179949
356,9680.60400000021,0.12941197454808182
357,9680.67800000021,0.12786761356273463
358,9680.752000000211,0.12851409126403818
359,9680.826000000212,0.1250190123035613
360,9680.900000000212,0.12083891790112708
361,9680.974000000213,0.12315822495376258
362,9681.048000000214,0.1270238812856318
363,9681.122000000214,0.12541417640729563
364,9681.196000000215,0.12487128281609124
365,9681.270000000215,0.12465828150269509
366,9681.344000000216,0.12611603786507108
367,9681.418000000216,0.12795067775023572
368,9681.492000000217,0.12578578593664153
369,9681.566000000217,0.12343279746356262
370,9681.640000000218,0.12131396036603792
371,9681.714000000218,0.12319107172909563
372,9681.788000000219,0.12604444373097123
373,9681.86200000022,0.12541584865619235
374,9681.93600000022,0.12562080327102298
375,9682.01000000022,0.12576502314541443
376,9682.08400000022,0.12498911573283839
377,9682.158000000221,0.12316794917978956
378,9682.232000000222,0.12558482456758968
379,9682.306000000222,0.12629027093072087
380,9682.380000000223,0.12430001042708166
381,9682.454000000223,0.12288340427110617
382,9682.528000000224,0.12668685314818792
383,9682.602000000225,0.12322151810325194
384,9682.676000000225,0.1287381768733059
385,9682.750000000226,0.1283892679181757
386,9682.824000000226,0.12638494830580435
387,9682.898000000227,0.1268196725334452
388,9682.972000000227,0.1277414661346378
389,9683.046000000228,0.1281586737931575
390,9683.120000000228,0.12797753045055185
391,9683.194000000229,0.12806106256301023
392,9683.860000000233,0.12499594415035725
393,9683.934000000234,0.12688974150374127
394,9684.008000000234,0.12754135485476395
395,9684.082000000235,0.1290461832533052
396,9684.156000000236,0.130195275594644
397,9684.230000000236,0.12741358307376616
398,9684.304000000237,0.12509711312243177
399,9684.378000000237,0.12571757222597169
400,9684.452000000238,0.12802487944864072
401,9684.526000000238,0.1257400613532351
402,9684.600000000239,0.12420397260936275
403,9684.67400000024,0.12284817868796445
404,9684.74800000024,0.12408780270119094
405,9684.82200000024,0.12369471910294694
406,9684.89600000024,0.12621459504842897
407,9684.970000000241,0.12543123634915324
408,9685.044000000242,0.1280662560996661
409,9685.118000000242,0.12560899670750988
410,9685.192000000243,0.12413145772709319
411,9685.266000000243,0.1264395531900926
412,9685.340000000244,0.125168722563596
413,9685.414000000244,0.12290119990160141
414,9685.488000000245,0.12140476531490708
415,9685.562000000245,0.12858580496113708
416,9685.636000000246,0.12710042641620592
417,9685.710000000247,0.12475303462598417
418,9685.784000000247,0.1239753050355604
419,9685.858000000248,0.12482954784074211
420,9685.932000000248,0.12713267278758913
421,9686.006000000249,0.12633630515145
422,9686.08000000025,0.12862772660493185
423,9686.15400000025,0.12470477299276002
424,9686.22800000025,0.12211540912929318
425,9686.30200000025,0.12516090812151515
426,9686.376000000251,0.12688319263268613
427,9686.450000000252,0.12658409278398478
428,9686.524000000252,0.12486615679784524
429,9686.598000000253,0.12604081893343164
430,9686.672000000253,0.12934114141320724
431,9686.746000000254,0.1300712749378497
432,9686.820000000254,0.1308323805933232
433,9686.894000000255,0.12612679841200192
434,9686.968000000255,0.12486213318026149
435,9687.042000000256,0.12644793360245826
436,9687.116000000256,0.1250995774399815
437,9687.190000000257,0.12373911389400485
438,9687.264000000258,0.12669659583658233
439,9687.338000000258,0.12900214199983792
440,9687.412000000259,0.1274441733330014
441,9687.486000000259,0.1302598794801467
442,9687.56000000026,0.13052402499619992
443,9687.63400000026,0.1252294542815957
444,9687.70800000026,0.1253802951087299
445,9687.782000000261,0.12591516011357756
446,9687.856000000262,0.1269007597173819
447,9687.930000000262,0.126913210871821
448,9688.004000000263,0.1300073375946244
449,9688.078000000263,0.12991868159978784
450,9688.152000000264,0.12544861595347973
451,9688.226000000264,0.1264771271848387
452,9688.300000000265,0.1289043240349347
453,9688.374000000265,0.12733663093686226
454,9688.448000000266,0.1223439090354701
455,9688.522000000266,0.11779312147060633
456,9688.596000000267,0.12255267127336221
457,9688.670000000267,0.12492094934579115
458,9688.744000000268,0.1243937847323523
459,9688.818000000269,0.12497930186487932
460,9688.892000000269,0.12530288857763555
461,9688.96600000027,0.12591457489255006
462,9689.04000000027,0.12696461162981748
463,9689.11400000027,0.1274544633147088
464,9689.188000000271,0.1240953890421476
465,9689.262000000272,0.12255653396515756
466,9689.336000000272,0.12624266646153445
467,9689.410000000273,0.1251058170860816
468,9689.484000000273,0.12354974155661978
469,9689.558000000274,0.12335829312096143
470,9689.632000000274,0.12238097261955252
471,9689.706000000275,0.11894252320255468
472,9689.780000000275,0.12038130837633312
473,9689.854000000276,0.12187409429398445
474,9689.928000000276,0.12252869363181226
475,9690.002000000277,0.12351035128320217
476,9690.076000000277,0.12205486167981655
477,9690.150000000278,0.12405209148462845
478,9690.224000000278,0.126481952597091
479,9690.298000000279,0.12454236951559368
480,9690.37200000028,0.12631259606047396
481,9690.44600000028,0.12523799102105193
482,9690.52000000028,0.12853672692345008
483,9690.594000000281,0.12436087975905274
484,9690.668000000282,0.12615929440866877
485,9690.742000000282,0.12080352680295461
486,9690.816000000283,0.12162502904895404
487,9691.334000000286,0.08543366048027232
488,9691.408000000287,0.06771997670381116
489,9691.482000000287,0.05117941298741327
490,9691.556000000288,0.051818123189759764
491,9691.630000000288,0.06930863857280478
492,9691.704000000289,0.09194814649645978
493,9691.77800000029,0.1098516647292536
494,9691.85200000029,0.11556463273308731
495,9691.92600000029,0.11778768481942288
496,9692.000000000291,0.12133383634436445
497,9692.074000000292,0.12186164173253483
498,9692.148000000292,0.12340149408269162
499,9692.222000000293,0.1245614344303181
500,9692.296000000293,0.1241054334411434
501,9692.370000000294,0.12459935076510542
502,9692.444000000294,0.1269371834092613
503,9692.518000000295,0.12831307520300392
504,9692.592000000295,0.12513214527770966
505,9692.666000000296,0.12184703278808501
506,9692.740000000296,0.12514129370464572
507,9692.814000000297,0.12789309164131646
508,9692.888000000297,0.13035143414285924
509,9692.962000000298,0.12607656208048768
510,9693.036000000298,0.12559349574940853
511,9693.110000000299,0.12842191321274232
512,9693.1840000003,0.12267115048672836
513,9693.2580000003,0.11825679454049985
514,9693.3320000003,0.11906649102788293
515,9693.406000000301,0.12282265379422415
516,9693.480000000302,0.12184297401528606
517,9693.554000000302,0.12204763212624174
518,9693.628000000303,0.12348707906740118
519,9693.702000000303,0.12923789700601301
520,9693.776000000304,0.12377273448600153
521,9694.294000000307,0.12818004257221927
522,9694.368000000308,0.12949357698733727
523,9694.442000000308,0.12807904769543565
524,9694.516000000309,0.12878533165555947
525,9694.59000000031,0.12877208508761948
526,9694.66400000031,0.1263861313889097
527,9694.73800000031,0.1258227223179247
528,9694.812000000311,0.12702292115514752
529,9694.886000000311,0.12686087780308986
530,9694.960000000312,0.1279691680977999
531,9695.034000000313,0.12735522669788757
532,9695.108000000313,0.12479437571172476
533,9695.182000000314,0.12472419779664956
534,9695.256000000314,0.1247638471227979
535,9695.330000000315,0.12565460615226726
536,9695.404000000315,0.12595523683872023
537,9695.478000000316,0.12654570581085134
538,9695.552000000316,0.12866636339883553
539,9695.626000000317,0.1286167495936768
540,9695.700000000317,0.12642681818997922
541,9695.774000000318,0.1284262157737
542,9695.848000000318,0.1271428219507026
543,9695.922000000319,0.12664139209521377
544,9695.99600000032,0.12460082154217696
545,9696.07000000032,0.12280244668589649
546,9696.14400000032,0.11957553719091792
547,9696.21800000032,0.12398622191705849
548,9696.292000000321,0.12665306801216647
549,9696.366000000322,0.12302379982424244
550,9696.440000000322,0.12294887715823852
551,9696.514000000323,0.12171392719689278
552,9696.588000000324,0.12079872541689453
553,9696.662000000324,0.1171681905712095
554,9696.736000000325,0.12319503932839868
555,9696.810000000325,0.12308651286092923
556,9696.884000000326,0.12572621873275622
557,9696.958000000326,0.12453389635852999
558,9697.032000000327,0.12535350204964807
559,9697.106000000327,0.12483831048465788
560,9697.180000000328,0.12459696903033216
561,9697.254000000328,0.1294504414865649
562,9697.328000000329,0.1332522443335175
563,9697.40200000033,0.1313449655320958
564,9697.47600000033,0.12873361594365262
565,9697.55000000033,0.12901458573066224
566,9697.62400000033,0.12755719610188754
567,9697.698000000331,0.12600034612949793
568,9697.772000000332,0.12841451826446484
569,9697.846000000332,0.12754497938488302
570,9697.920000000333,0.12543772092299227
571,9697.994000000333,0.12611434255452514
572,9698.068000000334,0.12687853539826371
573,9698.142000000335,0.12725216710736953
574,9698.216000000335,0.12678336125134926
575,9698.290000000336,0.12584834449740034
576,9698.364000000336,0.1242315892342816
577,9698.438000000337,0.12246187676641142
578,9698.512000000337,0.12098100353812034
579,9698.586000000338,0.12195560298609767
580,9698.660000000338,0.12464875006599184
581,9698.734000000339,0.12500747376906926
582,9698.80800000034,0.12619071582366984
583,9698.88200000034,0.12706425551508627
584,9698.95600000034,0.1275515239708662
585,9699.03000000034,0.1263795019203874
586,9699.104000000341,0.12514333641514971
587,9699.178000000342,0.12412182477504652
588,9699.252000000342,0.12579678571337186
589,9699.326000000343,0.12784317174092813
590,9699.400000000343,0.126355986612583
591,9699.474000000344,0.12889460350299847
592,9699.548000000344,0.13295178893248694
593,9699.622000000345,0.13372133020066307
594,9699.696000000346,0.12893737117163712
595,9699.770000000346,0.12844744834032515
596,9699.844000000347,0.12399249147773539
597,9699.918000000347,0.12635476617212416
598,9699.992000000348,0.12524958989941626
599,9700.066000000348,0.12584173693474154
600,9700.140000000349,0.12647491259111499
601,9700.21400000035,0.13087285042428076
602,9700.28800000035,0.12769494902824965
603,9700.36200000035,0.12490726751526998
604,9700.43600000035,0.1258639694574763
605,9700.510000000351,0.12454003821652403
606,9700.584000000352,0.12466099195659733
607,9700.658000000352,0.1225277761995002
608,9700.732000000353,0.12426852078906027
609,9700.806000000353,0.126519154491988
610,9700.880000000354,0.12419752876897108
611,9700.954000000354,0.12287970959063818
612,9701.028000000355,0.1253716393483916
613,9701.102000000355,0.12772136264673078
614,9701.176000000356,0.12855980172159695
615,9701.250000000357,0.12860885545313175
616,9701.324000000357,0.12674138862611967
617,9701.398000000358,0.12604554213775024
618,9701.472000000358,0.12482898954689312
619,9701.546000000359,0.12492302954932594
620,9701.62000000036,0.12447626780020977
621,9701.69400000036,0.12500802946666628
622,9701.76800000036,0.12622656745609026
623,9701.84200000036,0.12974435558722025
624,9701.916000000361,0.12813461239992097
625,9701.990000000362,0.1245524993412065
626,9702.064000000362,0.12354796295828982
627,9702.138000000363,0.12269894902347378
628,9702.212000000363,0.1219889854960169
629,9702.286000000364,0.12047839509317418
630,9702.360000000364,0.11784363819071397
631,9702.434000000365,0.11809415598747562
632,9702.508000000365,0.12062428340493891
633,9702.582000000366,0.12283087958203903
634,9702.656000000366,0.1255151820841874
635,9702.730000000367,0.12609693695377863
636,9702.804000000368,0.1266338571785511
637,9702.878000000368,0.12719516029774755
638,9702.952000000369,0.12435553156896667
639,9703.02600000037,0.1257871670112627
640,9703.10000000037,0.12740648505743843
641,9703.17400000037,0.12525140485343703
642,9703.24800000037,0.12402688169327343
643,9703.322000000371,0.12480649858754816
644,9703.396000000372,0.12487100341107049
645,9703.470000000372,0.13006115963537374
646,9703.544000000373,0.13154393016241725
647,9703.618000000373,0.12623957320152696
648,9703.692000000374,0.12152839167107306
649,9703.766000000374,0.12430821215084883
650,9703.840000000375,0.130416446821899
651,9703.914000000375,0.12800344551792606
652,9703.988000000376,0.12744959015895713
653,9704.062000000376,0.12336142786761797
654,9704.136000000377,0.12503972085519877
655,9704.210000000377,0.1264427298776514
656,9704.284000000378,0.12396382924669003
657,9704.950000000383,0.11844865169915339
658,9705.024000000383,0.12397943397437806
659,9705.098000000384,0.12652588206403442
660,9705.172000000384,0.12745786864393704
661,9705.246000000385,0.1279051440603854
662,9705.320000000385,0.13064216469948436
663,9705.394000000386,0.12649459546989722
664,9705.468000000386,0.11999879380174139
665,9705.542000000387,0.11638471833730071
666,9705.616000000387,0.11832869262540296
667,9705.690000000388,0.12193073269236906
668,9705.764000000388,0.12361014025830894
669,9705.838000000389,0.12052557441262679
670,9705.91200000039,0.12461647752829783
671,9705.98600000039,0.12292496036650168
672,9706.06000000039,0.12350495122297032
673,9706.134000000391,0.12478764342154258
674,9706.208000000392,0.12558894624350028
675,9706.282000000392,0.1250972537811178
676,9706.356000000393,0.12382643699592993
677,9706.430000000393,0.1221831838858632
678,9706.504000000394,0.12318225995272326
679,9706.578000000394,0.12297190230119312
680,9706.652000000395,0.12392350731497642
681,9706.726000000395,0.12612269100742554
682,9706.800000000396,0.12499444793055484
683,9706.874000000396,0.12372961202927629
684,9706.948000000397,0.12588160972617943
685,9707.022000000397,0.12653193539978258
686,9707.096000000398,0.12450296737972323
687,9707.170000000398,0.12159348533778111
688,9707.244000000399,0.12106934898660851
689,9707.3180000004,0.12303685015356133
690,9707.3920000004,0.12351925616680293
691,9707.4660000004,0.12459838583257285
692,9707.540000000401,0.12411621623400518
693,9707.614000000402,0.12063860646809024
694,9707.688000000402,0.11960478447207054
695,9707.762000000403,0.1197028636955475
696,9707.836000000403,0.11521000703805503
697,9707.910000000404,0.10748019312289266
698,9707.984000000404,0.10172848094364507
699,9708.058000000405,0.09222040426894651
700,9708.132000000405,0.07690464457203898
701,9708.206000000406,0.05818382915964834
702,9708.280000000406,0.04212841266336784
703,9708.354000000407,0.04142189162545411
704,9708.428000000407,0.056856547376532014
705,9708.502000000408,0.0779780465583149
706,9708.576000000408,0.09069890731113348
707,9708.650000000409,0.10196645838959986
708,9708.72400000041,0.11086435184976459
709,9708.79800000041,0.11159416235065368
710,9708.87200000041,0.11657917718215637
711,9708.946000000411,0.11720417198614631
712,9709.020000000412,0.11880149842868304
713,9709.094000000412,0.12148464249416814
714,9709.168000000413,0.12102661110947208
715,9709.242000000413,0.12206263563812685
716,9709.316000000414,0.12175216413700848
717,9709.390000000414,0.11767261595176393
718,9709.464000000415,0.1177354707733538
719,9709.538000000415,0.12111782382676313
720,9709.612000000416,0.12376769676508871
721,9709.686000000416,0.12436432483518367
722,9709.760000000417,0.12424571268221879
723,9709.834000000417,0.12071378144317958
724,9709.908000000418,0.12158784697377192
725,9709.982000000418,0.12347389890552513
726,9710.056000000419,0.12572922731295255
727,9710.13000000042,0.12330829508465349
728,9710.20400000042,0.12346124591612637
729,9710.27800000042,0.12462925522132706
730,9710.352000000421,0.12302159539342672
731,9710.426000000421,0.12476465861983053
732,9710.500000000422,0.12623754188613842
733,9710.574000000423,0.12618203268207406
734,9710.648000000423,0.12207403035789538
735,9710.722000000424,0.12384188415284898
736,9710.796000000424,0.12146556744744867
737,9710.870000000425,0.12439048950663385
738,9710.944000000425,0.12511578413935534
739,9711.018000000426,0.1211586503524163
740,9711.092000000426,0.1217942447298469
741,9711.166000000427,0.12258197103413176
742,9711.240000000427,0.12488274559676041
743,9711.314000000428,0.12662293131226154
744,9711.388000000428,0.12457708796019883
745,9711.462000000429,0.12533695296076214
746,9711.53600000043,0.12478386389156863
747,9711.61000000043,0.12747110565718914
748,9711.68400000043,0.1267923272294715
749,9711.758000000431,0.1259675796395912
750,9711.832000000431,0.127918054399687
751,9711.906000000432,0.12781062813863608
752,9711.980000000432,0.12793902464299256
753,9712.054000000433,0.12853762099602464
754,9712.128000000434,0.12453322432779873
755,9712.202000000434,0.12378494964830224
756,9712.276000000435,0.12359259102555373
757,9712.350000000435,0.12743519883869792
758,9712.424000000436,0.13020476968524392
759,9712.498000000436,0.12919404035685086
760,9712.572000000437,0.12415063358821542
761,9712.646000000437,0.12316356159179372
762,9712.720000000438,0.12700304074320637
763,9712.794000000438,0.12788657948788465
764,9712.868000000439,0.12866127631976879
765,9712.94200000044,0.13040380291939974
766,9713.01600000044,0.12800598533408794
767,9713.09000000044,0.12455712323722068
768,9713.16400000044,0.1230059484808462
769,9713.238000000441,0.12413594011244627
770,9713.312000000442,0.12757084598641186
771,9713.386000000442,0.12583007603707513
772,9713.460000000443,0.12420794399190829
773,9713.534000000443,0.12463533404121546
774,9713.608000000444,0.12695178345533348
775,9713.682000000445,0.12826875992192954
776,9713.756000000445,0.12823421956908418
777,9713.830000000446,0.12660671170393212
778,9713.904000000446,0.12592966649201004
779,9713.978000000447,0.12655452876686485
780,9714.052000000447,0.12484157514257928
781,9714.126000000448,0.1255558861082105
782,9714.200000000448,0.12486566713048637
783,9714.274000000449,0.12346601532681961
784,9714.34800000045,0.12508603713579658
785,9714.42200000045,0.12576900019976195
786,9714.49600000045,0.12515119661344448
787,9714.57000000045,0.12364051489268268
788,9714.644000000451,0.1224422669693766
789,9714.718000000452,0.12243833978512572
790,9714.792000000452,0.1262112273589917
791,9714.866000000453,0.12899025556679444
792,9714.940000000453,0.12875227916024734
793,9715.014000000454,0.13026056252300994
794,9715.088000000454,0.13112758770696442
795,9715.162000000455,0.12828085644721957
796,9715.236000000456,0.12610066580623144
797,9715.310000000456,0.12673566812541598
798,9715.384000000457,0.12706708847674836
799,9715.458000000457,0.12871960243074315
800,9715.532000000458,0.12899624922915295
801,9715.606000000458,0.12752092314854577
802,9715.680000000459,0.12592686824230964
803,9715.75400000046,0.1259432317353305
804,9715.82800000046,0.12584299688519607
805,9715.90200000046,0.1234297270779882
806,9715.97600000046,0.12470625924662662
807,9716.050000000461,0.12592694999023984
808,9716.124000000462,0.12437132891859043
809,9716.198000000462,0.12481706953127254
810,9716.272000000463,0.12470275340199431
811,9716.346000000463,0.12438100175882341
812,9716.420000000464,0.12549660956884592
813,9716.494000000464,0.12844724411167613
814,9716.568000000465,0.12837473175170988
815,9716.642000000465,0.12665103623887705
816,9716.716000000466,0.1253109415109789
817,9716.790000000467,0.12487104920305722
818,9716.864000000467,0.12705702542395908
819,9716.938000000468,0.12374310688465927
820,9717.012000000468,0.12443318958659846
821,9717.086000000469,0.12654147376435027
822,9717.16000000047,0.12436211407180126
823,9717.23400000047,0.12491825638105
824,9717.30800000047,0.12409323079339973
825,9717.38200000047,0.12217171295370502
826,9717.456000000471,0.12134711252460571
827,9717.530000000472,0.12258548990271241
828,9717.604000000472,0.12367951628372195
829,9717.678000000473,0.12624724270427826
830,9717.752000000473,0.125608562610183
831,9717.826000000474,0.12192498886611167
832,9717.900000000474,0.12608934724139625
833,9717.974000000475,0.1265296819861589
834,9718.048000000475,0.12525408044899627
835,9718.122000000476,0.12090145221331368
836,9718.78800000048,0.12245309988371157
837,9718.862000000481,0.12350638562081051
838,9718.936000000482,0.12512466057548746
839,9719.010000000482,0.12526617682759913
840,9719.084000000483,0.12639896487875035
841,9719.158000000483,0.12497469283139602
842,9719.232000000484,0.12455349538242794
843,9719.306000000484,0.12220387304097968
844,9719.380000000485,0.12362667779720042
845,9719.454000000485,0.11984179169980337
846,9719.528000000486,0.1174217445476215
847,9719.602000000486,0.11029430907459037
848,9719.676000000487,0.10842014578694806
849,9719.750000000487,0.1148874476510514
850,9719.824000000488,0.12070617804759932
851,9719.898000000489,0.12411100174839423
852,9719.972000000489,0.12689328078455642
853,9720.04600000049,0.12549265966552864
854,9720.12000000049,0.12598313776607598
855,9720.19400000049,0.12112458319231661
856,9720.268000000491,0.12378420167726059
857,9720.342000000492,0.12531038627474406
858,9720.416000000492,0.1285219329858678
859,9720.490000000493,0.127265619269836
860,9720.564000000493,0.12273062604416317
861,9720.638000000494,0.12227841102749432
862,9720.712000000494,0.12380518156002694
863,9720.786000000495,0.12451258653756667
864,9720.860000000495,0.12521904831358127
865,9720.934000000496,0.1255552091242998
866,9721.008000000496,0.12401664208918103
867,9721.082000000497,0.1227564005684359
868,9721.156000000497,0.11837103612456726
869,9721.230000000498,0.11624953998322203
870,9721.304000000498,0.1164442413709002
871,9721.378000000499,0.11503711048188084
872,9721.4520000005,0.10532450102506762
873,9721.5260000005,0.08326223453544515
874,9721.6000000005,0.06518322953730496
875,9721.674000000501,0.07259118581993937
876,9721.748000000502,0.09449821206668754
877,9721.822000000502,0.11528524553861552
878,9721.896000000503,0.11556636907695664
879,9721.970000000503,0.11767540666148546
880,9722.044000000504,0.12054706225352765
881,9722.118000000504,0.12163252640228087
882,9722.192000000505,0.12222658520500668
883,9722.266000000505,0.12447086377737399
884,9722.340000000506,0.12250705274779755
885,9722.414000000506,0.12053972882128675
886,9722.488000000507,0.12137633885929458
887,9722.562000000507,0.1232381080748907
888,9722.636000000508,0.12600812889478014
889,9722.710000000508,0.1264339562801795
890,9722.784000000509,0.1245635257383283
891,9722.85800000051,0.12089184795008913
892,9722.93200000051,0.12412605682631854
893,9723.00600000051,0.12704790257212734
894,9723.080000000511,0.12211859118972578
895,9723.154000000512,0.12056937852152556
896,9723.228000000512,0.12643001293409029
897,9723.302000000513,0.12433964272190785
898,9723.376000000513,0.12152497616558011
899,9723.450000000514,0.12278426915967584
900,9723.524000000514,0.12327789886344381
901,9723.598000000515,0.12323649686056923
902,9723.672000000515,0.12059350563822652
903,9723.746000000516,0.12314305277765185
904,9723.820000000516,0.1260850282262519
905,9723.894000000517,0.1218068347211795
906,9723.968000000517,0.12386833349458376
907,9724.042000000518,0.12346574170901714
908,9724.116000000518,0.12209392855474278
909,9724.190000000519,0.12084878649212435
910,9724.26400000052,0.11742522853156015
911,9724.33800000052,0.1169782252256013
912,9724.41200000052,0.12037774167425526
913,9724.486000000521,0.12110189367994062
914,9724.560000000522,0.12154619759887214
915,9724.634000000522,0.12356237408849859
916,9724.708000000523,0.12232431775199608
917,9724.782000000523,0.12275622157709307
918,9724.856000000524,0.12521944377445107
919,9724.930000000524,0.12449453999462234
920,9725.004000000525,0.12297183300361472
921,9725.078000000525,0.12461480886364609
922,9725.152000000526,0.12439544943140883
923,9725.226000000526,0.12327135434158315
924,9725.300000000527,0.1228348012232891
925,9725.374000000527,0.12095552908110575
926,9725.448000000528,0.12168298030043226
927,9725.522000000528,0.11954028070665679
928,9725.596000000529,0.11811714577908107
929,9725.67000000053,0.11784819393146204
930,9725.74400000053,0.1196464902420237
931,9725.81800000053,0.12015206070273811
932,9725.892000000531,0.12103718104028843
933,9725.966000000531,0.12345637853095683
934,9726.040000000532,0.1260494310524609
935,9726.558000000536,0.11777398029812977
936,9726.632000000536,0.11985419473040237
937,9726.706000000537,0.121396003660624
938,9726.780000000537,0.12538280631668397
939,9726.854000000538,0.12492340439598165
940,9726.928000000538,0.12328955583709737
941,9727.002000000539,0.12019660154038325
942,9727.07600000054,0.12362881491944024
943,9727.15000000054,0.12415744887934113
944,9727.22400000054,0.12316063629990653
945,9727.298000000541,0.1224080355831148
946,9727.372000000541,0.12173916563348941
947,9727.446000000542,0.12051773227566609
948,9727.520000000542,0.12378956058181545
949,9727.594000000543,0.12525200966070948
950,9727.668000000544,0.12663474747082534
951,9727.742000000544,0.12640475722426456
952,9727.816000000545,0.12066210911897546
953,9727.890000000545,0.12144695582489651
954,9727.964000000546,0.12171897097792451
955,9728.038000000546,0.12416717690648882
956,9728.112000000547,0.1275654332634153
957,9728.186000000547,0.1248356388292222
958,9728.260000000548,0.12323829226665609
959,9728.334000000548,0.12566866256273432
960,9728.408000000549,0.1234954326809795
961,9728.48200000055,0.12422999023336606
962,9728.55600000055,0.12266085210581987
963,9728.63000000055,0.12233197478725362
964,9728.70400000055,0.12047378253104862
965,9728.778000000551,0.12366734649725449
966,9728.852000000552,0.1218975997858108
967,9728.926000000552,0.11988273570317885
968,9729.000000000553,0.11702338587768843
969,9729.074000000553,0.12426611709344612
970,9729.148000000554,0.12359541129829885
971,9729.222000000555,0.12131346828265967
972,9729.296000000555,0.11987394471172393
973,9729.370000000556,0.1230263532958116
974,9729.444000000556,0.12215910811011042
975,9729.518000000557,0.12190453553152306
976,9729.592000000557,0.12042515590976634
977,9729.666000000558,0.12302258030427934
978,9729.740000000558,0.12350180158265621
979,9729.814000000559,0.12140941969071549
980,9729.88800000056,0.12131026573203915
981,9729.96200000056,0.11985128296104193
982,9730.03600000056,0.11992279343736127
983,9730.11000000056,0.12058317432871082
984,9730.184000000561,0.12110903782752698
985,9730.258000000562,0.11905695355262705
986,9730.332000000562,0.11796952044990941
987,9730.406000000563,0.11628858456422644
988,9730.480000000563,0.11643023372024126
989,9730.554000000564,0.11402375223296514
990,9730.628000000564,0.11149743957355443
991,9730.702000000565,0.10740060315860177
992,9730.776000000566,0.1014067264921868
993,9730.850000000566,0.09118138053295628
994,9730.924000000567,0.07447469861461464
995,9730.998000000567,0.052409524158996405
996,9731.072000000568,0.04267660299020481
997,9731.146000000568,0.05205351431897638
998,9731.220000000569,0.07130342141823556
999,9731.29400000057,0.08954945945761839
1000,9731.36800000057,0.10065856762484945
1001,9731.44200000057,0.10686360003541162
1002,9731.51600000057,0.11295106997822918
1003,9731.590000000571,0.11694540031483715
1004,9731.664000000572,0.11824987427085965
1005,9731.738000000572,0.11979123954057354
1006,9731.812000000573,0.11811719510767123
1007,9731.886000000573,0.1205900945971542
1008,9731.960000000574,0.12037677269908437
1009,9732.034000000574,0.11986698508831586
1010,9732.108000000575,0.1210699439189853
1011,9732.182000000575,0.12092377528757292
1012,9732.256000000576,0.12236931374878104
1013,9732.330000000577,0.1220345207479105
1014,9732.404000000577,0.12071448905544588
1015,9732.478000000578,0.12114669488566421
1016,9732.552000000578,0.12122709231789786
1017,9732.626000000579,0.12136955232186665
1018,9732.70000000058,0.12175917296844194
1019,9732.77400000058,0.12013352056514671
1020,9732.84800000058,0.1139582535457085
1021,9732.92200000058,0.10568760874657013
1022,9732.996000000581,0.10296618958746964
1023,9733.070000000582,0.11078602686635616
1024,9733.144000000582,0.11977241950612258
1025,9733.218000000583,0.12224557488380047
1026,9733.292000000583,0.12137734916931608
1027,9733.366000000584,0.1224882370467733
1028,9733.440000000584,0.12421017195575179
1029,9733.514000000585,0.12415654436948645
1030,9733.588000000585,0.12293174557315603
1031,9733.662000000586,0.12137467749967415
1032,9733.736000000587,0.12253499809631775
1033,9733.810000000587,0.12175241188413014
1034,9733.884000000588,0.11951548348633732
1035,9733.958000000588,0.12075183036842912
1036,9734.032000000589,0.12247842745277819
1037,9734.10600000059,0.12327513911555309
1038,9734.18000000059,0.12193451590446017
1039,9734.25400000059,0.12098032421941124
1040,9734.32800000059,0.12349047727597687
1041,9734.402000000591,0.12286066553817342
1042,9734.476000000592,0.11979848929158533
1043,9734.550000000592,0.12135390181471291
1044,9734.624000000593,0.12270082133540182
1045,9734.698000000593,0.1210070138258986
1046,9734.772000000594,0.12070476724535631
1047,9734.846000000594,0.1189581977254369
1048,9734.920000000595,0.119014430806773
1049,9734.994000000595,0.11994012122517969
1050,9735.068000000596,0.11910357494272095
1051,9735.142000000596,0.1218452547847116
1052,9735.216000000597,0.12417014808726337
1053,9735.290000000598,0.12338885413293113
1054,9735.364000000598,0.1218008169945173
1055,9735.438000000599,0.12305180288449089
1056,9735.512000000599,0.12349194646166174
1057,9735.5860000006,0.12273614372674034
1058,9735.6600000006,0.12267186741248454
1059,9735.7340000006,0.12300176263498312
1060,9735.808000000601,0.12154168075774495
1061,9735.882000000602,0.12149618378058136
1062,9735.956000000602,0.12376766574746337
1063,9736.030000000603,0.1233038714806918
1064,9736.104000000603,0.12158401310481541
1065,9736.178000000604,0.12043262633819724
1066,9736.252000000604,0.12104419581141289
1067,9736.326000000605,0.12127698220343079
1068,9736.400000000605,0.12010415125335963
1069,9736.474000000606,0.12040589960927767
1070,9736.548000000606,0.11986724596533875
1071,9736.622000000607,0.12425645153556167
1072,9736.696000000607,0.12317166265692889
1073,9736.770000000608,0.12222296969137807
1074,9736.844000000609,0.11981200598372198
1075,9736.918000000609,0.12249495776549146
1076,9736.99200000061,0.11906580465530783
1077,9737.06600000061,0.11051629493961634
1078,9737.14000000061,0.09111296838407235
1079,9737.214000000611,0.07638440800669061
1080,9737.288000000612,0.0839584864864884
1081,9737.362000000612,0.10618247010090945
1082,9737.436000000613,0.11571744123314351
1083,9737.510000000613,0.11953708432716689
1084,9737.584000000614,0.12057768891109819
1085,9737.658000000614,0.12103182004352218
1086,9737.732000000615,0.12190544847003895
1087,9737.806000000615,0.12428107035732167
1088,9737.880000000616,0.12314325300845856
1089,9738.39800000062,0.12154925187683421
1090,9738.47200000062,0.11927398540842152
1091,9738.54600000062,0.11807787188654917
1092,9738.620000000621,0.11831291228085189
1093,9738.694000000622,0.12023238699933378
1094,9738.768000000622,0.11844347894845533
1095,9738.842000000623,0.12027267213170928
1096,9738.916000000623,0.11911529927350469
1097,9738.990000000624,0.12299384075239439
1098,9739.064000000624,0.12500648278149418
1099,9739.138000000625,0.12422465837443006
1100,9739.212000000625,0.12382628892221834
1101,9739.286000000626,0.12169548802795978
1102,9739.80400000063,0.12446017150925753
1103,9739.87800000063,0.12521535754354504
1104,9739.95200000063,0.12185831631262853
1105,9740.026000000631,0.11827225700850588
1106,9740.100000000632,0.11795983603475704
1107,9740.174000000632,0.11844596541088151
1108,9740.248000000633,0.11756333279401315
1109,9740.322000000633,0.116113340573168
1110,9740.396000000634,0.11282846828671372
1111,9740.470000000634,0.11009152508528225
1112,9740.544000000635,0.11152474240588418
1113,9740.618000000635,0.11543204853822439
1114,9740.692000000636,0.11660869883193624
1115,9740.766000000636,0.11776462794361377
1116,9740.840000000637,0.11844845342929868
1117,9740.914000000637,0.118718479034688
1118,9740.988000000638,0.11724859422029685
1119,9741.062000000638,0.10866748927251377
1120,9741.136000000639,0.09859499517199796
1121,9741.21000000064,0.09176909117462918
1122,9741.28400000064,0.0932047340052527
1123,9741.35800000064,0.10635141831431341
1124,9741.432000000641,0.11460801443796476
1125,9741.506000000642,0.11662484453582753
1126,9741.580000000642,0.11863378247024159
1127,9741.654000000643,0.11829300014930577
1128,9741.728000000643,0.12429674051001088
1129,9741.802000000644,0.12511201734477273
1130,9741.876000000644,0.12197878587109576
1131,9741.950000000645,0.12432574740877178
1132,9742.024000000645,0.12163459649034797
1133,9742.098000000646,0.12016002206445311
1134,9742.172000000646,0.11928707938696578
1135,9742.246000000647,0.11882617437391116
1136,9742.320000000647,0.117813966313062
1137,9742.394000000648,0.11869112458963914
1138,9742.468000000648,0.12049003056727571
1139,9742.542000000649,0.12024773051974923
1140,9742.61600000065,0.1226310924752797
1141,9742.69000000065,0.13011603710759537
1142,9742.76400000065,0.1297690597519988
1143,9742.838000000651,0.12234916504887532
1144,9742.912000000651,0.12137602018327745
1145,9742.986000000652,0.11846580177368757
1146,9743.060000000653,0.11989119279403262
1147,9743.134000000653,0.12326289740158572
1148,9743.208000000654,0.12399910548131168
1149,9743.282000000654,0.12305372739561127
1150,9743.356000000655,0.1225680844893058
1151,9743.430000000655,0.12320785430005347
1152,9743.504000000656,0.1215339003805707
1153,9743.578000000656,0.12165552807985044
1154,9743.652000000657,0.12158063979006575
1155,9743.726000000657,0.12360935983324248
1156,9743.800000000658,0.12118637971620025
1157,9743.874000000658,0.12132292580913416
1158,9743.948000000659,0.12252267695524344
1159,9744.02200000066,0.12076600010047175
1160,9744.09600000066,0.12435885177197142
1161,9744.17000000066,0.12429830170708071
1162,9744.24400000066,0.12154534520960349
1163,9744.318000000661,0.12017907299914252
1164,9744.392000000662,0.1213940718447837
1165,9744.466000000662,0.12543083220605736
1166,9744.540000000663,0.1281880693613792
1167,9744.614000000664,0.12560653694351354
1168,9744.688000000664,0.12127056963015853
1169,9744.762000000665,0.12044725913228266
1170,9744.836000000665,0.12273067221609901
1171,9744.910000000666,0.12329880059132008
1172,9744.984000000666,0.12176820562461751
1173,9745.058000000667,0.12156353000936992
1174,9745.132000000667,0.12055568726066684
1175,9745.206000000668,0.12070203023077536
1176,9745.280000000668,0.12109396906765428
1177,9745.354000000669,0.12029599409760115
1178,9745.42800000067,0.12176849870650439
1179,9745.50200000067,0.12150694423369947
1180,9745.57600000067,0.12045758427901376
1181,9745.65000000067,0.11908111884681455
1182,9745.724000000671,0.11761399764648746
1183,9745.798000000672,0.11484861354428222
1184,9745.872000000672,0.10983357968070374
1185,9745.946000000673,0.10406654161952526
1186,9746.020000000673,0.09475713098303956
1187,9746.094000000674,0.0820139528428945
1188,9746.168000000675,0.06400943708824838
1189,9746.242000000675,0.04626410635169849
1190,9746.316000000676,0.04875775634162328
1191,9746.390000000676,0.06847645477942452
1192,9747.05600000068,0.12308701580801128
1193,9747.130000000681,0.11918204978580065
1194,9747.204000000682,0.12104689409196623
1195,9747.278000000682,0.12152684022697204
1196,9747.352000000683,0.12108063493799136
1197,9747.426000000683,0.12163291904178763
1198,9747.500000000684,0.11996648642649575
1199,9747.574000000684,0.12150537558640656
1200,9747.648000000685,0.12229747753886866
1201,9747.722000000686,0.12261433832022708
1202,9747.796000000686,0.12202719574045516
1203,9747.870000000687,0.12040003242371602
1204,9747.944000000687,0.12391562574487568
1205,9748.018000000688,0.12542805486930278
1206,9748.092000000688,0.12258599409598982
1207,9748.166000000689,0.12307406026441554
1208,9748.24000000069,0.1240053160668308
1209,9748.31400000069,0.12305618244750789
1210,9748.38800000069,0.12199061251372265
1211,9748.46200000069,0.12102279449965148
1212,9748.536000000691,0.11888379686949671
1213,9748.610000000692,0.12065845128242352
1214,9748.684000000692,0.11944728848186777
1215,9748.758000000693,0.11777556555930573
1216,9748.832000000693,0.1176940469085094
1217,9748.906000000694,0.12010061163142494
1218,9748.980000000694,0.1236673642845755
1219,9749.054000000695,0.12306157061765145
1220,9749.128000000695,0.12060611385449915
1221,9749.202000000696,0.12111900044035653
1222,9749.276000000697,0.12306613814906357
1223,9749.350000000697,0.1188078342913613
1224,9749.424000000698,0.11308589636976801
1225,9749.498000000698,0.10533832259498097
1226,9749.572000000699,0.09774970515466479
1227,9749.6460000007,0.10262746114882301
1228,9749.7200000007,0.11351618378269812
1229,9749.7940000007,0.12180291254522765
1230,9749.8680000007,0.12150918001991759
1231,9749.942000000701,0.11762755194539604
1232,9750.016000000702,0.12020606871602744
1233,9750.090000000702,0.12491035288481526
1234,9750.164000000703,0.12323323282674815
1235,9750.238000000703,0.12091925823078992
1236,9750.312000000704,0.11706914791185402
1237,9750.386000000704,0.11986262204569144
1238,9750.460000000705,0.11844653315679277
1239,9750.534000000705,0.11613591317141894
1240,9750.608000000706,0.12228931476568519
1241,9750.682000000706,0.12123616232115386
1242,9750.756000000707,0.11494937058335843
1243,9750.830000000708,0.12022606976094213
1244,9750.904000000708,0.12246602823321709
1245,9750.978000000709,0.12242510799545399
1246,9751.052000000709,0.12293900916821232
1247,9751.12600000071,0.12424873877525631
1248,9751.20000000071,0.12353220135194018
1249,9751.27400000071,0.12352405506814604
1250,9751.348000000711,0.12292410207342781
1251,9751.422000000712,0.12173331437655469
1252,9751.496000000712,0.12415569350008253
1253,9751.570000000713,0.12469917620354004
1254,9751.644000000713,0.12610865200427687
1255,9751.718000000714,0.12321102838235484
1256,9751.792000000714,0.12215132362380082
1257,9751.866000000715,0.12611837786841507
1258,9751.940000000715,0.12415599564538743
1259,9752.014000000716,0.12034642247598429
1260,9752.088000000716,0.11842440566303494
1261,9752.162000000717,0.12064127724777676
1262,9752.236000000717,0.12321875438567241
1263,9752.754000000721,0.11756429346021444
1264,9752.828000000722,0.11936607200596802
1265,9752.902000000722,0.12151878287356353
1266,9752.976000000723,0.12398336593797218
1267,9753.050000000723,0.12372337225364574
1268,9753.124000000724,0.12352168914178654
1269,9753.198000000724,0.1243555862341991
1270,9753.272000000725,0.1248492125255494
1271,9753.346000000725,0.12120289778458354
1272,9753.420000000726,0.12263750985111688
1273,9753.494000000726,0.12683237499038275
1274,9753.568000000727,0.12416835494638154
1275,9753.642000000727,0.12537924010273716
1276,9753.716000000728,0.12475596062479495
1277,9753.790000000728,0.1240481065599389
1278,9753.864000000729,0.1251168879615572
1279,9753.93800000073,0.1200636128979053
1280,9754.01200000073,0.12612630385807383
1281,9754.08600000073,0.12293069908107498
1282,9754.160000000731,0.12406023330977942
1283,9754.234000000732,0.12281713851485765
1284,9754.308000000732,0.12266992196037162
1285,9754.382000000733,0.12425898755380652
1286,9754.456000000733,0.12360955423533024
1287,9754.530000000734,0.1238328437285823
1288,9754.604000000734,0.12555714996910755
1289,9754.678000000735,0.12291416564811666
1290,9754.752000000735,0.12400282741730648
1291,9754.826000000736,0.12327312402438376
1292,9754.900000000736,0.12427808911828876
1293,9754.974000000737,0.12533251488576133
1294,9755.048000000737,0.12253572646272642
1295,9755.122000000738,0.11987498383084808
1296,9755.196000000738,0.11965344896257636
1297,9755.270000000739,0.11820173409877358
1298,9755.34400000074,0.1184804765271405
1299,9755.41800000074,0.11844082920363047
1300,9755.49200000074,0.11612501546522629
1301,9755.566000000741,0.11225022304360484
1302,9755.640000000742,0.11017333939433277
1303,9755.714000000742,0.11069169053190091
1304,9755.788000000743,0.10988483370560627
1305,9755.862000000743,0.11320405474768781
1306,9755.936000000744,0.11836708643359665
1307,9756.010000000744,0.12090549917040863
1308,9756.084000000745,0.12080085254311301
1309,9756.158000000745,0.12109838424722726
1310,9756.232000000746,0.12076757776254413
1311,9756.306000000746,0.12076766349197667
1312,9756.380000000747,0.12357088766149989
1313,9756.454000000747,0.12121475378270304
1314,9756.528000000748,0.12215735061063804
1315,9756.602000000748,0.12181347032006706
1316,9756.676000000749,0.11861791705508926
1317,9756.75000000075,0.12305849361379367
1318,9757.268000000753,0.12033707866783734
1319,9757.342000000754,0.12051089833631842
1320,9757.416000000754,0.12296402020068088
1321,9757.490000000755,0.12239071707453932
1322,9757.564000000755,0.12034816849051416
1323,9757.638000000756,0.12347590015828097
1324,9757.712000000756,0.12549205093434265
1325,9757.786000000757,0.12464976065706992
1326,9757.860000000757,0.12530211845007372
1327,9757.934000000758,0.12477666708272125
1328,9758.008000000758,0.12193916620002931
1329,9758.082000000759,0.12094780375751842
1330,9758.15600000076,0.12095645597719565
1331,9758.23000000076,0.12149039543651369
1332,9758.30400000076,0.12274314295432785
1333,9758.378000000761,0.1200816881705776
1334,9758.452000000761,0.12075624960735179
1335,9758.526000000762,0.11923092864974708
1336,9758.600000000763,0.12001928857546745
1337,9758.674000000763,0.12202376832708745
1338,9758.748000000764,0.12156209205502742
1339,9758.822000000764,0.12380446934653742
1340,9758.896000000765,0.12465209464066757
1341,9758.970000000765,0.12378929572942463
1342,9759.044000000766,0.12520963573387597
1343,9759.118000000766,0.12685463631284447
1344,9759.192000000767,0.11975394835510537
1345,9759.266000000767,0.11988817878428176
1346,9759.340000000768,0.12358441562822961
1347,9759.414000000768,0.12202662181483039
1348,9759.488000000769,0.12415428543951885
1349,9759.56200000077,0.12174538682605557
1350,9759.63600000077,0.1224355495934907
1351,9759.71000000077,0.12079894372322501
1352,9759.78400000077,0.12129326326293521
1353,9759.858000000771,0.12348439207455073
1354,9759.932000000772,0.12504972948253357
1355,9760.006000000772,0.12412908884694437
1356,9760.080000000773,0.12257976274682425
1357,9760.154000000774,0.12219676748333314
1358,9760.228000000774,0.12181422961612276
1359,9760.302000000775,0.12035832987120382
1360,9760.376000000775,0.12079205346271091
1361,9760.450000000776,0.12271547963777496
1362,9760.524000000776,0.12342570180917675
1363,9760.598000000777,0.1253332637846523
1364,9761.19000000078,0.12124771925086249
1365,9761.264000000781,0.12146275858754971
1366,9761.338000000782,0.12492027435274067
1367,9761.412000000782,0.1270773143525418
1368,9761.486000000783,0.12982209240727316
1369,9761.560000000783,0.12979133499059026
1370,9761.634000000784,0.1260705941504998
1371,9761.708000000785,0.12128963006006682
1372,9761.782000000785,0.1250388633723014
1373,9761.856000000786,0.12460318048046563
1374,9761.930000000786,0.12109941060242702
1375,9762.004000000787,0.119379074557336
1376,9762.078000000787,0.11714936585982086
1377,9762.152000000788,0.1185958288291209
1378,9762.226000000788,0.12323924748859219
1379,9762.300000000789,0.12289726478423948
1380,9762.37400000079,0.1228421355829196
1381,9762.44800000079,0.12425213997585624
1382,9762.52200000079,0.12502641223220995
1383,9762.59600000079,0.12370049282840144
1384,9762.670000000791,0.12272959931348447
1385,9762.744000000792,0.12361417466098738
1386,9762.818000000792,0.12400494017543601
1387,9762.892000000793,0.12208925860817596
1388,9762.966000000793,0.1230115598118772
1389,9763.040000000794,0.125285306880129
1390,9763.114000000794,0.1214834624941006
1391,9763.188000000795,0.11941405701819931
1392,9763.262000000796,0.12128641478486983
1393,9763.336000000796,0.1197665838273808
1394,9763.410000000797,0.11775346902832534
1395,9763.484000000797,0.12175245421759896
1396,9763.558000000798,0.12102988901232462
1397,9763.632000000798,0.12043090233908785
1398,9763.706000000799,0.12032119627829022
1399,9763.7800000008,0.11979714693832358
1400,9763.8540000008,0.12236941904042144
1401,9763.9280000008,0.12316961801845117
1402,9764.0020000008,0.12283983982534226
1403,9764.076000000801,0.12413217628550766
1404,9764.150000000802,0.12259000479182208
1405,9764.224000000802,0.12230506938821792
1406,9764.298000000803,0.12051713312676253
1407,9764.372000000803,0.12078192684189872
1408,9764.446000000804,0.12180726039483174
1409,9764.520000000804,0.12385670734799437
1410,9764.594000000805,0.11715468770498323
1411,9764.668000000805,0.1187889272923958
1412,9764.742000000806,0.12028773803267268
1413,9764.816000000807,0.12235909157384263
1414,9764.890000000807,0.12324989928141104
1415,9764.964000000808,0.1219999256574204
1416,9765.038000000808,0.12237496758897803
1417,9765.112000000809,0.11975830212093111
1418,9765.18600000081,0.12024114661934425
1419,9765.26000000081,0.12109172741222105
1420,9765.33400000081,0.1220440053034061
1421,9765.40800000081,0.12044331201119945
1422,9765.482000000811,0.12084558174391039
1423,9765.556000000812,0.12064892344840886
1424,9765.630000000812,0.11821513123920054
1425,9765.704000000813,0.12248688505748685
1426,9765.778000000813,0.12227075678342743
1427,9765.852000000814,0.11925252964510527
1428,9765.926000000814,0.11878081220527309
1429,9766.000000000815,0.10829796259781124
1430,9766.074000000815,0.1113510968650655
1431,9766.148000000816,0.11098162365001575
1432,9766.222000000816,0.11665154066572249
1433,9766.296000000817,0.1223105349047902
1434,9766.370000000818,0.1164704057625697
1435,9766.444000000818,0.11178102323747577
1436,9766.518000000819,0.10856560827283578
1437,9766.59200000082,0.10829917362217673
1438,9766.66600000082,0.11274284882483021
1439,9766.74000000082,0.11735945563323559
1440,9766.81400000082,0.12097972825025269
1441,9766.888000000821,0.12060459226468954
1442,9766.962000000822,0.12019570542904545
1443,9767.036000000822,0.12299522969454517
1444,9767.110000000823,0.12267717606794737
1445,9767.184000000823,0.12191305548426451
1446,9767.258000000824,0.1216300304486718
1447,9767.332000000824,0.12182394300638053
1448,9767.406000000825,0.12012521761354122
1449,9767.480000000825,0.11706601568576602
1450,9767.554000000826,0.12318238466813979
1451,9767.628000000826,0.12509202389193613
1452,9767.702000000827,0.12496583356748588
1453,9767.776000000827,0.12525687548093256
1454,9767.850000000828,0.12409897927986477
1455,9767.924000000829,0.1271398921472133
1456,9767.998000000829,0.12234104143690214
1457,9768.07200000083,0.12016169822744205
1458,9768.14600000083,0.12129076781674314
1459,9768.22000000083,0.11760067403012683
1460,9768.294000000831,0.11729250624118293
1461,9768.368000000832,0.12094773978743299
1462,9768.442000000832,0.12127701862793286
1463,9768.516000000833,0.12245094266082096
1464,9768.590000000833,0.12168430978302713
1465,9768.664000000834,0.12366529794269025
1466,9768.738000000834,0.11821833811935767
1467,9768.812000000835,0.11966927773491651
1468,9768.886000000835,0.12234622052692896
1469,9768.960000000836,0.12457790347461309
1470,9769.034000000836,0.12700348777764256
1471,9769.108000000837,0.12706723308974946
1472,9769.182000000837,0.12537158728606243
1473,9769.256000000838,0.12206502455802348
1474,9769.330000000838,0.12390819239027198
1475,9769.404000000839,0.12579488072451478
1476,9769.47800000084,0.12672911555820376
1477,9769.55200000084,0.12790547506279043
1478,9769.62600000084,0.12517358120571265
1479,9769.700000000841,0.12461841890803654
1480,9769.774000000842,0.12526180376286256
1481,9769.848000000842,0.12942847622273856
1482,9769.922000000843,0.13013444136225502
1483,9769.996000000843,0.1268408555005175
1484,9770.070000000844,0.12471542759475084
1485,9770.144000000844,0.11844345837634485
1486,9770.218000000845,0.12254590565675615
1487,9770.292000000845,0.12238876153565989
1488,9770.366000000846,0.12300037378936787
1489,9770.440000000846,0.12203813637801103
1490,9770.514000000847,0.12322507294738441
1491,9770.588000000847,0.12386925881496559
1492,9770.662000000848,0.1264027984580181
1493,9770.736000000848,0.12376685721881997
1494,9770.810000000849,0.11349843643162527
1495,9770.88400000085,0.10815574469038913
1496,9770.95800000085,0.11272997664730744
1497,9771.03200000085,0.1204683112251426
1498,9771.106000000851,0.12351851251193316
1499,9771.180000000852,0.12346215946047007
1500,9771.254000000852,0.12194312144081432
1501,9771.328000000853,0.11946630786013415
1502,9771.402000000853,0.12152091838434467
1503,9771.476000000854,0.12095064316069082
1504,9771.550000000854,0.12041406541251307
1505,9771.624000000855,0.1213857278504108
1506,9771.698000000855,0.12407494084180423
1507,9771.772000000856,0.12395604621375686
1508,9771.846000000856,0.12070993205565472
1509,9771.920000000857,0.12176931959459561
1510,9771.994000000857,0.1258071253075044
1511,9772.068000000858,0.12152838413372287
1512,9772.142000000858,0.12157256365555816
1513,9772.216000000859,0.11785957058295554
1514,9772.29000000086,0.11685089517214091
1515,9772.36400000086,0.11579117426558022
1516,9772.43800000086,0.1155305434767786
1517,9772.512000000861,0.11330883655394056
1518,9772.586000000862,0.11475440675600546
1519,9772.660000000862,0.11414867692278392
1520,9772.734000000863,0.10678199830109607
1521,9772.808000000863,0.09045086862565277
1522,9772.882000000864,0.06638441417174178
1523,9772.956000000864,0.05017931289368392
1524,9773.030000000865,0.05421575696887787
1525,9773.104000000865,0.07479275142034673
1526,9773.178000000866,0.09596543224564971
1527,9773.252000000866,0.10664516470721751
1528,9773.326000000867,0.11477297787959984
1529,9773.400000000867,0.11768567337683969
1530,9773.474000000868,0.12159773974015184
1531,9773.548000000868,0.11631625737663223
1532,9773.622000000869,0.10748252557622777
1533,9773.69600000087,0.11038508374952982
1534,9773.77000000087,0.11303472147515732
1535,9773.84400000087,0.11730440827929951
1536,9773.918000000871,0.1206843455291109
1537,9773.992000000871,0.1235817751758968
1538,9774.066000000872,0.12430894397631284
1539,9774.140000000873,0.12174836077155361
1540,9774.214000000873,0.12570726718351022
1541,9774.288000000874,0.12372966459250477
1542,9774.362000000874,0.12226088460156878
1543,9774.436000000875,0.12452119743670051
1544,9774.510000000875,0.12403997688881752
1545,9774.584000000876,0.12235715572794767
1546,9774.658000000876,0.12524106361114093
1547,9774.732000000877,0.12562382351176477
1548,9774.806000000877,0.12367783463559204
1549,9774.880000000878,0.1216192345444221
1550,9774.954000000878,0.11915481997429066
1551,9775.028000000879,0.12206711990309006
1552,9775.10200000088,0.12507900257630317
1553,9775.17600000088,0.1225644099261615
1554,9775.25000000088,0.11672995764240725
1555,9775.324000000881,0.11932770202493742
1556,9775.398000000881,0.12370391310592721
1557,9775.472000000882,0.12286049397278448
1558,9775.546000000882,0.12107174141167272
1559,9775.620000000883,0.11898504988228611
1560,9775.694000000884,0.12265617324443542
1561,9775.768000000884,0.12213466937613218
1562,9775.842000000885,0.1188343764088061
1563,9775.916000000885,0.11714929106585055
1564,9775.990000000886,0.11629174700098965
1565,9776.064000000886,0.11694790284410898
1566,9776.138000000887,0.12048978062024081
1567,9776.212000000887,0.12320825637374067
1568,9776.286000000888,0.12414098498372382
1569,9776.360000000888,0.12364168394687355
1570,9776.434000000889,0.12577811524796323
1571,9776.50800000089,0.12604864485917402
1572,9776.58200000089,0.12149104815781317
1573,9776.65600000089,0.1236404378377747
1574,9776.73000000089,0.12366434260195325
1575,9776.804000000891,0.12413289637745512
1576,9776.878000000892,0.12532947306246334
1577,9776.952000000892,0.12567175098157268
1578,9777.026000000893,0.12422989713320075
1579,9777.100000000893,0.11916966503876276
1580,9777.174000000894,0.12430085929979591
1581,9777.248000000895,0.1226757159409513
1582,9777.322000000895,0.12544319059773276
1583,9777.396000000896,0.12640243183269473
1584,9777.470000000896,0.1251747230361101
1585,9777.544000000897,0.12536264368814098
1586,9777.618000000897,0.12328839254325728
1587,9777.692000000898,0.12321273426245369
1588,9777.766000000898,0.12368005282738637
1589,9777.840000000899,0.11907298145170367
1590,9777.9140000009,0.11873777494704853
1591,9777.9880000009,0.12193835511344839
1592,9778.0620000009,0.12259302124234361
1593,9778.1360000009,0.12234595725737937
1594,9778.210000000901,0.1273718865672559
1595,9778.284000000902,0.12670413110472345
1596,9778.358000000902,0.12274596682457298
1597,9778.432000000903,0.12294346124627645
1598,9778.506000000903,0.12171728701209915
1599,9778.580000000904,0.1218177278569749
1600,9778.654000000904,0.12269748418742268
1601,9778.728000000905,0.12026732820259878
1602,9778.802000000906,0.12527475266440197
1603,9778.876000000906,0.12273569129244902
1604,9778.950000000907,0.12123107427005023
1605,9779.024000000907,0.11865074635180158
1606,9779.098000000908,0.11791786504350449
1607,9779.172000000908,0.11986880453150107
1608,9779.246000000909,0.12428123428079231
1609,9779.32000000091,0.12273570804313422
1610,9779.39400000091,0.12432598562158154
1611,9779.46800000091,0.12233677326789974
1612,9779.54200000091,0.12066304369314101
1613,9779.616000000911,0.12296944604561744
1614,9779.690000000912,0.12130473833960106
1615,9779.764000000912,0.11896106849082022
1616,9779.838000000913,0.12434590633108011
1617,9779.912000000913,0.12952557067931997
1618,9779.986000000914,0.12443801091095247
1619,9780.060000000914,0.12074348086374473
1620,9780.134000000915,0.12159304160419093
1621,9780.208000000915,0.12348925538340728
1622,9780.282000000916,0.1260153578323624
1623,9780.356000000917,0.11831781716998195
1624,9780.430000000917,0.11875681814288623
1625,9780.504000000918,0.12113430020635095
1626,9780.578000000918,0.12142410140701339
1627,9780.652000000919,0.12418912434622842
1628,9780.72600000092,0.12116761425364961
1629,9780.80000000092,0.12223779509558748
1630,9780.87400000092,0.12098908603048444
1631,9780.94800000092,0.12117245297606698
1632,9781.022000000921,0.12345885431985099
1633,9781.096000000922,0.12359390711987182
1634,9781.170000000922,0.12266023289735536
1635,9781.244000000923,0.12028727149875622
1636,9781.318000000923,0.12192722675946574
1637,9781.392000000924,0.11912914218545881
1638,9781.466000000924,0.12312672136088113
1639,9781.540000000925,0.12242432300330311
1640,9781.614000000925,0.12284967191873558
1641,9781.688000000926,0.12501406861954842
1642,9781.762000000926,0.11840821648496214
1643,9781.836000000927,0.11841413760863148
1644,9781.910000000928,0.12460979999866767
1645,9781.984000000928,0.12687780947884342
1646,9782.058000000929,0.12349541218527904
1647,9782.13200000093,0.11894055770289862
1648,9782.20600000093,0.12144452122870363
1649,9782.28000000093,0.12318225922853798
1650,9782.35400000093,0.12352673606635542
1651,9782.428000000931,0.12258953489747243
1652,9782.502000000932,0.11702508128539332
1653,9782.576000000932,0.1151288028893868
1654,9782.650000000933,0.11941419725768979
1655,9782.724000000933,0.12412742285141665
1656,9782.798000000934,0.12179885768707864
1657,9782.872000000934,0.12466471495795214
1658,9782.946000000935,0.1212175897336967
1659,9783.020000000935,0.13028021535729856
1660,9783.094000000936,0.12189964582497351
1661,9783.168000000936,0.12315526241670628
1662,9783.242000000937,0.12429783900315204
1663,9783.316000000937,0.12146403759550725
1664,9783.390000000938,0.12188616831911057
1665,9783.464000000939,0.12016977523798444
1666,9783.538000000939,0.11577499532407111
1667,9783.61200000094,0.11746304398200338
1668,9783.68600000094,0.11697261914954848
1669,9783.76000000094,0.11798774524094024
1670,9783.834000000941,0.11758391971775972
1671,9783.908000000942,0.12000415855992161
1672,9783.982000000942,0.12233064039085226
1673,9784.056000000943,0.1235937001230299
1674,9784.130000000943,0.133172655564745
1675,9784.204000000944,0.1403448079618433
1676,9784.278000000944,0.13028868280201608
1677,9784.352000000945,0.12432022142992069
1678,9784.426000000945,0.12481408328199106
1679,9784.500000000946,0.11844264106727947
1680,9784.574000000946,0.1210653271637106
1681,9784.648000000947,0.11882464476364314
1682,9784.722000000947,0.12404539687374691
1683,9784.796000000948,0.1206258248178632
1684,9784.870000000948,0.12087558940070106
1685,9784.944000000949,0.12447106642112063
1686,9785.01800000095,0.12112155885616951
1687,9785.09200000095,0.11613741328210626
1688,9785.16600000095,0.11846959208373804
1689,9785.240000000951,0.1211629867325803
1690,9785.314000000952,0.12115192918622658
1691,9785.906000000956,0.055528109159346195
1692,9785.980000000956,0.043871492231878466
1693,9786.054000000957,0.04584818541618553
1694,9786.128000000957,0.051849564453479054
1695,9786.202000000958,0.046379584225940414
1696,9786.276000000958,0.04599706686443082
1697,9786.350000000959,0.05952532372564759
1698,9786.42400000096,0.08316016111291409
1699,9786.49800000096,0.09972035443019618
1700,9786.57200000096,0.10229216474718604
1701,9786.646000000961,0.10297518043409494
1702,9786.720000000962,0.11121107442766114
1703,9786.794000000962,0.11438451543541168
1704,9786.868000000963,0.11604101195361075
1705,9786.942000000963,0.11806897177878964
1706,9787.016000000964,0.12582493884625162
1707,9787.090000000964,0.11989758213521017
1708,9787.164000000965,0.11490331947202462
1709,9787.238000000965,0.11411449991481055
1710,9787.312000000966,0.11825687947848817
1711,9787.386000000966,0.12482514981113343
1712,9787.460000000967,0.1250664602550397
1713,9787.534000000967,0.12592959623308841
1714,9787.608000000968,0.12444650343831994
1715,9787.682000000968,0.12648414730605712
1716,9787.756000000969,0.1247124178750921
1717,9787.83000000097,0.12786463912305768
1718,9787.90400000097,0.1288660903680271
1719,9787.97800000097,0.12539587990255052
1720,9788.052000000971,0.126314149303171
1721,9788.126000000972,0.1266064471836746
1722,9788.200000000972,0.12187088420956395
1723,9788.274000000973,0.11949530669381819
1724,9788.348000000973,0.11922315498574584
1725,9788.422000000974,0.1245050967234371
1726,9788.496000000974,0.12183201589108164
1727,9788.570000000975,0.12293218441047275
1728,9788.644000000975,0.12742407736575784
1729,9788.718000000976,0.12448352815250296
1730,9788.792000000976,0.12579635687199087
1731,9788.866000000977,0.11799985290586167
1732,9788.940000000977,0.12103055521390335
1733,9789.014000000978,0.12086451889429488
1734,9789.088000000978,0.11947666441992828
1735,9789.162000000979,0.12043037034077758
1736,9789.23600000098,0.12063551492023848
1737,9789.31000000098,0.11748029062249796
1738,9789.38400000098,0.11795853324900665
1739,9789.458000000981,0.12368739709143522
1740,9789.532000000981,0.12216159056736145
1741,9789.606000000982,0.12192818965307461
1742,9789.680000000983,0.11715479211192187
1743,9789.754000000983,0.12217448382631899
1744,9789.828000000984,0.11818117298857395
1745,9789.902000000984,0.1145311403551554
1746,9789.976000000985,0.10991074754480888
1747,9790.050000000985,0.1081574631712386
1748,9790.124000000986,0.10230579560195983
1749,9790.198000000986,0.08526516328801768
1750,9790.272000000987,0.06204424034009616
1751,9790.346000000987,0.042897732237832886
1752,9790.420000000988,0.04983557403483496
1753,9790.494000000988,0.06676954814129998
1754,9790.568000000989,0.08522877617402386
1755,9790.64200000099,0.106514305808449
1756,9790.71600000099,0.11467977065252016
1757,9790.79000000099,0.11515613824134807
1758,9790.864000000991,0.11275583611556794
1759,9790.938000000991,0.11262489904060488
1760,9791.012000000992,0.11252887817508983
1761,9791.086000000992,0.11753626770323546
1762,9791.160000000993,0.12019161247182107
1763,9791.234000000994,0.11835069706784769
1764,9791.308000000994,0.12314036243401136
1765,9791.382000000995,0.11971626177226799
1766,9791.456000000995,0.11903464349579372
1767,9791.530000000996,0.12437123801298403
1768,9791.604000000996,0.12304634611909951
1769,9791.678000000997,0.12029469483762903
1770,9791.752000000997,0.11893139406603351
1771,9791.826000000998,0.11962356165980487
1772,9791.900000000998,0.1205752939658783
1773,9791.974000000999,0.12168041731409936
1774,9792.048000001,0.11923093096707264
1775,9792.122000001,0.11752737037529935
1776,9792.196000001,0.11775146414952638
1777,9792.270000001,0.12854933674259256
1778,9792.344000001001,0.12446695379753744
1779,9792.418000001002,0.11701484590785852
1780,9792.492000001002,0.12026032009102787
1781,9792.566000001003,0.11884794253516454
1782,9792.640000001004,0.11691025330151499
1783,9792.714000001004,0.12081184649792347
1784,9792.788000001005,0.12430962975198487
1785,9792.862000001005,0.1224820891056097
1786,9792.936000001006,0.12109793992472959
1787,9793.010000001006,0.12260234879082636
1788,9793.084000001007,0.12023345124934218
1789,9793.158000001007,0.12228860755395358
1790,9793.232000001008,0.12170978206030417
1791,9793.306000001008,0.12407368472154227
1792,9793.380000001009,0.1232988790874957
1793,9793.45400000101,0.12335666100457249
1794,9793.52800000101,0.12155505113411685
1795,9793.60200000101,0.12351817931669937
1796,9793.67600000101,0.12458356102254833
1797,9793.750000001011,0.12743679239118585
1798,9793.824000001012,0.12631690731903594
1799,9793.898000001012,0.12683020086472516
1800,9793.972000001013,0.12625160344575834
1801,9794.046000001013,0.12266412291699104
1802,9794.120000001014,0.12414407086015229
1803,9794.194000001015,0.12360624650565777
1804,9794.268000001015,0.11929992213315484
1805,9794.342000001016,0.12155850287971774
1806,9794.416000001016,0.12121183234137382
1807,9794.490000001017,0.12084525644069599
1808,9794.564000001017,0.12251775432031761
1809,9794.638000001018,0.11863769421501782
1810,9794.712000001018,0.12641985864587557
1811,9794.786000001019,0.12619564960860813
1812,9794.86000000102,0.12384537867193193
1813,9794.93400000102,0.12249798795737485
1814,9795.00800000102,0.1201225331674267
1815,9795.08200000102,0.11861364150985297
1816,9795.156000001021,0.1221216017217488
1817,9795.230000001022,0.12429524733794109
1818,9795.304000001022,0.12144813188368529
1819,9795.378000001023,0.11975209653327898
1820,9795.452000001023,0.12158239530542905
1821,9795.526000001024,0.1206849326305009
1822,9795.600000001024,0.1193732834342709
1823,9795.674000001025,0.12266894720652013
1824,9795.748000001026,0.12094353495689031
1825,9795.822000001026,0.11647773615297329
1826,9795.896000001027,0.12579833393748763
1827,9795.970000001027,0.11824483077003248
1828,9796.044000001028,0.11777415460433485
1829,9796.118000001028,0.12500577039581753
1830,9796.192000001029,0.1283879780911975
1831,9796.26600000103,0.12220294160962374
1832,9796.784000001033,0.11862016735793313
1833,9796.858000001033,0.12598166368277636
1834,9796.932000001034,0.122767069200008
1835,9797.006000001034,0.12253258655382936
1836,9797.080000001035,0.1251489535464799
1837,9797.154000001035,0.12514286056719517
1838,9797.228000001036,0.12019313813831749
1839,9797.302000001037,0.11411437028562826
1840,9797.376000001037,0.12050005678811385
1841,9797.450000001038,0.12160978152838627
1842,9797.524000001038,0.11895187523983444
1843,9797.598000001039,0.12121929846712509
1844,9797.67200000104,0.12121821530153225
1845,9797.74600000104,0.12013499904148055
1846,9797.82000000104,0.1247864479720546
1847,9797.89400000104,0.12543124755307553
1848,9797.968000001041,0.11834213413543654
1849,9798.042000001042,0.12193675711151994
1850,9798.116000001042,0.1269962738165599
1851,9798.190000001043,0.12535857878547002
1852,9798.264000001043,0.11825864343976575
1853,9798.338000001044,0.12344335829755773
1854,9798.412000001044,0.12428509131535559
1855,9798.486000001045,0.12886000438532075
1856,9798.560000001045,0.12423419100402583
1857,9798.634000001046,0.12113796387155042
1858,9798.708000001046,0.11965744604398137
1859,9798.782000001047,0.12382284705025129
1860,9798.856000001048,0.12907337646678085
1861,9798.930000001048,0.12592730411231023
1862,9799.004000001049,0.11791696711612591
1863,9799.078000001049,0.11905994882482643
1864,9799.15200000105,0.122475238975404
1865,9799.22600000105,0.12511077872056323
1866,9799.30000000105,0.12265210334875383
1867,9799.374000001051,0.12300251183846014
1868,9799.448000001052,0.1287102871969556
1869,9799.522000001052,0.12213829074704427
1870,9799.596000001053,0.12278580788008164
1871,9799.670000001053,0.12941645841961863
1872,9799.744000001054,0.1266841931212197
1873,9799.818000001054,0.1258233288698462
1874,9799.892000001055,0.12456609348825336
1875,9799.966000001055,0.1217619684585472
1876,9800.040000001056,0.12438511717413037
1877,9800.114000001056,0.1280315406566618
1878,9800.188000001057,0.12653246305181615
1879,9800.262000001057,0.1236237599634612
1880,9800.336000001058,0.12251229548931368
1881,9800.410000001059,0.11694732143065215
1882,9800.484000001059,0.11958892966150057
1883,9800.55800000106,0.12627630343279864
1884,9800.63200000106,0.12195624733956685
1885,9800.70600000106,0.11996715224232214
1886,9800.780000001061,0.12622111871770775
1887,9800.854000001062,0.12741748781109014
1888,9800.928000001062,0.12491909844235133
1889,9801.002000001063,0.12201540460298037
1890,9801.076000001063,0.11892514624743233
1891,9801.150000001064,0.12278758114764654
1892,9801.224000001064,0.12521671228115247
1893,9801.298000001065,0.12761742563623296
1894,9801.372000001065,0.12581108078931144
1895,9801.446000001066,0.12004140984460468
1896,9801.520000001066,0.12622432968891467
1897,9801.594000001067,0.12547476042430117
1898,9801.668000001067,0.12115757634260078
1899,9801.742000001068,0.12317449270540054
1900,9801.816000001068,0.1259878797276261
1901,9801.890000001069,0.12522777871739302
1902,9801.96400000107,0.12377769419975625
1903,9802.03800000107,0.124144023929532
1904,9802.11200000107,0.12746368508348918
1905,9802.186000001071,0.12434290135310708
1906,9802.260000001072,0.12257226939804441
1907,9802.334000001072,0.12613280366309265
1908,9802.408000001073,0.12499343640375771
1909,9802.482000001073,0.1266544174631908
1910,9802.556000001074,0.12398691838440654
1911,9802.630000001074,0.11773082733763478
1912,9802.704000001075,0.12105086163341566
1913,9802.778000001075,0.11667883141402295
1914,9802.852000001076,0.10978895480654122
1915,9802.926000001076,0.10452331433516163
1916,9803.000000001077,0.11147710735694981
1917,9803.074000001077,0.1175611915990325
1918,9803.148000001078,0.11870119887013358
1919,9803.222000001078,0.12048286169580154
1920,9803.296000001079,0.1220819868107611
1921,9803.37000000108,0.12271183812902464
1922,9803.44400000108,0.1176800229190178
1923,9803.51800000108,0.1186739249430184
1924,9803.592000001081,0.12180291957398502
1925,9803.666000001082,0.11868453114428257
1926,9803.740000001082,0.11876232917162363
1927,9803.814000001083,0.12087194586251185
1928,9803.888000001083,0.11943341165249119
1929,9803.962000001084,0.12301758418234138
1930,9804.036000001084,0.12690508242918522
1931,9804.110000001085,0.12415888212729612
1932,9804.184000001085,0.12475843159438059
1933,9804.258000001086,0.12287185354568912
1934,9804.332000001086,0.1200570325155618
1935,9804.406000001087,0.11764792450672867
1936,9804.480000001087,0.12445053371019066
1937,9804.554000001088,0.12705414322225322
1938,9804.628000001088,0.12323692922971796
1939,9804.702000001089,0.12195700701436113
1940,9804.77600000109,0.11666459896519998
1941,9804.85000000109,0.1271244270384478
1942,9804.92400000109,0.11479478689941511
1943,9804.998000001091,0.11758059349422913
1944,9805.072000001092,0.11669409038094339
1945,9805.146000001092,0.12316646308466908
1946,9805.220000001093,0.12411640036940932
1947,9805.294000001093,0.12577290168945723
1948,9805.368000001094,0.12444469240611358
1949,9805.442000001094,0.12292537675113596
1950,9805.516000001095,0.12115526424425055
1951,9805.590000001095,0.117895444763786
1952,9805.664000001096,0.1220703620136927
1953,9805.738000001096,0.12535167542443412
1954,9805.812000001097,0.1297214541410616
1955,9805.886000001097,0.12498490582612463
1956,9805.960000001098,0.12484834450011986
1957,9806.034000001098,0.12640628232309747
1958,9806.108000001099,0.12335244710629582
1959,9806.1820000011,0.11831943957056912
1960,9806.2560000011,0.12333600425528417
1961,9806.3300000011,0.13028738582783622
1962,9806.404000001101,0.12776824229826275
1963,9806.478000001101,0.11896948300809553
1964,9806.552000001102,0.12499635668874404
1965,9806.626000001103,0.1251194905910655
1966,9806.700000001103,0.11911942117554945
1967,9806.774000001104,0.1210544227057563
1968,9806.848000001104,0.12205538656829723
1969,9806.922000001105,0.12645090744564214
1970,9806.996000001105,0.1288157882832647
1971,9807.070000001106,0.1251317351990356
1972,9807.144000001106,0.12161370782401737
1973,9807.218000001107,0.12246272778424619
1974,9807.292000001107,0.12245845462808724
1975,9807.366000001108,0.12210470001674827
1976,9807.440000001108,0.1189924237234978
1977,9807.514000001109,0.12197817772155525
1978,9807.58800000111,0.12674053762761717
1979,9807.66200000111,0.12085893559330041
1980,9807.73600000111,0.11443081947557447
1981,9807.81000000111,0.12545690141539118
1982,9807.884000001111,0.12485350368592472
1983,9807.958000001112,0.12244568384981536
1984,9808.032000001112,0.11992201205030031
1985,9808.106000001113,0.11719232849441918
1986,9808.180000001114,0.11221755254863341
1987,9808.254000001114,0.11573216285275417
1988,9808.328000001115,0.12207430201310585
1989,9808.402000001115,0.12627474644029713
1990,9808.476000001116,0.13307653757686885
1991,9808.550000001116,0.1283895411094333
1992,9808.624000001117,0.1260128711679015
1993,9808.698000001117,0.12203501220342164
1994,9808.772000001118,0.12224062155415061
1995,9808.846000001118,0.12258989225835162
1996,9808.920000001119,0.11717763477175591
1997,9808.99400000112,0.12027610980369749
1998,9809.06800000112,0.12033439002513698
1999,9809.14200000112,0.12343291219329536
2000,9809.21600000112,0.12536966828378227
2001,9809.290000001121,0.12126342624089237
2002,9809.364000001122,0.12423878356304358
2003,9809.438000001122,0.12675362716200236
2004,9809.512000001123,0.12206959271067751
2005,9809.586000001123,0.11047760238079306
2006,9809.660000001124,0.1150998989139331
2007,9809.734000001125,0.11800739419924097
2008,9809.808000001125,0.11827723206673928
2009,9809.882000001126,0.11552642745025837
2010,9809.956000001126,0.1193794185442748
2011,9810.030000001127,0.12425240021558787
2012,9810.104000001127,0.12079219743370438
2013,9810.178000001128,0.1159907016826299
2014,9810.252000001128,0.11691542342589774
2015,9810.326000001129,0.1225232285492949
2016,9810.40000000113,0.12354366537348205
2017,9810.47400000113,0.11411547578538411
2018,9810.54800000113,0.11659755231055799
2019,9810.62200000113,0.1274973575551479
2020,9810.696000001131,0.13453238687299296
2021,9810.770000001132,0.13113745852426859
2022,9810.844000001132,0.11617610601505693
2023,9810.918000001133,0.11440877077415777
2024,9810.992000001133,0.11963828260517953
2025,9811.066000001134,0.1238898247746052
2026,9811.140000001134,0.12080080956550496
2027,9811.214000001135,0.12232345699547087
2028,9811.288000001136,0.11728090509446612
2029,9811.362000001136,0.11727504080535132
2030,9811.436000001137,0.12801104000760816
2031,9811.510000001137,0.12323213489571469
2032,9811.584000001138,0.12460181720628703
2033,9811.658000001138,0.12820542547174546
2034,9811.732000001139,0.12634504020046516
2035,9811.80600000114,0.11624195456854629
2036,9811.88000000114,0.1208689325013248
2037,9811.95400000114,0.12379226780883115
2038,9812.02800000114,0.12842472405154376
2039,9812.102000001141,0.12856461112601278
2040,9812.176000001142,0.12858335326737724
2041,9812.250000001142,0.1219265111608089
2042,9812.324000001143,0.12085581512068468
2043,9812.398000001143,0.12028437268403054
2044,9812.472000001144,0.12564292933255233
2045,9812.546000001144,0.13481719360550826
2046,9812.620000001145,0.12307386274064397
2047,9812.694000001145,0.12697533443657677
2048,9812.768000001146,0.1283383331261643
2049,9812.842000001147,0.12916692165701096
2050,9812.916000001147,0.12439292435802582
2051,9812.990000001148,0.12336233770365779
2052,9813.064000001148,0.11830175710392861
2053,9813.138000001149,0.12693739352233885
2054,9813.21200000115,0.12922625209666527
2055,9813.28600000115,0.12867955576087298
2056,9813.36000000115,0.11653846432780851
2057,9813.43400000115,0.11749340263382871
2058,9813.508000001151,0.1186618949007052
2059,9813.582000001152,0.1187107645720828
2060,9813.656000001152,0.11961951980925348
2061,9813.730000001153,0.12019434640463793
2062,9813.804000001153,0.1222002074959904
2063,9813.878000001154,0.12265823693163297
2064,9813.952000001154,0.12604782811963305
2065,9814.026000001155,0.12193205996565508
2066,9814.100000001155,0.12700817572927428
2067,9814.174000001156,0.11865707705567785
2068,9814.248000001156,0.12114702403058591
2069,9814.322000001157,0.12036239017846566
2070,9814.396000001158,0.1260937497355441
2071,9814.470000001158,0.12919673584355684
2072,9814.544000001159,0.1256371864986312
2073,9814.618000001159,0.12522307707552752
2074,9814.69200000116,0.12370768484241693
2075,9814.76600000116,0.12587566081991525
2076,9814.84000000116,0.1236049428012871
2077,9814.914000001161,0.12067430426485917
2078,9814.988000001162,0.12182849887181818
2079,9815.062000001162,0.12710880561304216
2080,9815.136000001163,0.11909584783122182
2081,9815.210000001163,0.11606799054988737
2082,9815.284000001164,0.1271425277387665
2083,9815.358000001164,0.12888055416103644
2084,9815.432000001165,0.1226598331068111
2085,9815.506000001165,0.11774500513679567
2086,9815.580000001166,0.11947574738268364
2087,9815.654000001166,0.12273159051773938
2088,9815.728000001167,0.12160026879185054
2089,9815.802000001167,0.12819793141188932
2090,9815.876000001168,0.13157696087219156
2091,9815.950000001169,0.13398080613936203
2092,9816.024000001169,0.1445020637298215
2093,9816.09800000117,0.12443704786272511
2094,9816.17200000117,0.11665146423584326
2095,9816.24600000117,0.11412874072289761
2096,9816.320000001171,0.11892428180922905
2097,9816.394000001172,0.11976741669291525
2098,9816.468000001172,0.12518453112610978
2099,9816.542000001173,0.11666568060114682
2100,9816.616000001173,0.11714208607083107
2101,9816.690000001174,0.11807321304137086
2102,9816.764000001174,0.12522849489562649
2103,9816.838000001175,0.12669725884717195
2104,9816.912000001175,0.1251229977830476
2105,9816.986000001176,0.12081590770495029
2106,9817.060000001176,0.12457291810131002
2107,9817.134000001177,0.1185104755033562
2108,9817.208000001177,0.11826552101556322
2109,9817.282000001178,0.1315013897867939
2110,9817.356000001178,0.13126566538603693
2111,9817.430000001179,0.12344433415450784
2112,9817.50400000118,0.13029086857553074
2113,9817.57800000118,0.12516238142064146
2114,9817.65200000118,0.11784134594205295
2115,9817.726000001181,0.13352664255560512
2116,9817.800000001182,0.11936957205534679
2117,9817.874000001182,0.12358973572830063
2118,9817.948000001183,0.13045347126869786
2119,9818.022000001183,0.12255532491322452
2120,9818.096000001184,0.12753989489222992
2121,9818.170000001184,0.11837040198532284
2122,9818.244000001185,0.1158174704527658
2123,9818.318000001185,0.12797501217568613
2124,9818.392000001186,0.1329203653532097
2125,9818.466000001186,0.1232165034117813
2126,9818.540000001187,0.11734847155930934
2127,9818.614000001187,0.11986172846787276
2128,9818.688000001188,0.13196843867379088
2129,9818.762000001188,0.12327723061741945
2130,9818.836000001189,0.12182655067431479
2131,9818.91000000119,0.1245949975506038
2132,9818.98400000119,0.12177493948368266
2133,9819.05800000119,0.11943387537137853
2134,9819.132000001191,0.11666038034389588
2135,9819.206000001192,0.1260220029281065
2136,9819.280000001192,0.13347341098381396
2137,9819.354000001193,0.1204090183564387
2138,9819.428000001193,0.11990782429694062
2139,9820.168000001198,0.1259568563639927
2140,9820.242000001199,0.13171906544543519
2141,9820.3160000012,0.12595319515637782
2142,9820.3900000012,0.12356680087537192
2143,9820.4640000012,0.1251244084720732
2144,9820.538000001201,0.12348999182418921
2145,9820.612000001202,0.12497060967414375
2146,9820.686000001202,0.13171823790484277
2147,9820.760000001203,0.1356792312293841
2148,9820.834000001203,0.1241199408699342
2149,9820.908000001204,0.11830402755527264
2150,9820.982000001204,0.12366010536409583
2151,9821.056000001205,0.12977881651561704
2152,9821.130000001205,0.1254797753222762
2153,9821.204000001206,0.11838147004165762
2154,9821.278000001206,0.12681975648440477
2155,9821.352000001207,0.11775219964393889
2156,9821.426000001207,0.1166054833970368
2157,9821.500000001208,0.12578057338236479
2158,9821.574000001208,0.12240156291619701
2159,9821.648000001209,0.11940317164661357
2160,9821.72200000121,0.13004469967530036
2161,9821.79600000121,0.12461270696757562
2162,9821.87000000121,0.12027706880493785
2163,9821.944000001211,0.12687450790711874
2164,9822.018000001211,0.126682469412887
2165,9822.092000001212,0.1287197998906378
2166,9822.166000001213,0.12285203201700147
2167,9822.240000001213,0.13146718528613432
2168,9822.758000001217,0.13494547876719698
2169,9822.832000001217,0.13250386793312513
2170,9822.906000001218,0.11588399263728916
2171,9822.980000001218,0.12026386147408408
2172,9823.054000001219,0.12230659290251275
2173,9823.12800000122,0.12939928912291176
2174,9823.20200000122,0.12903099258381007
2175,9823.27600000122,0.12373640268652378
2176,9823.35000000122,0.12750116422649316
2177,9823.424000001221,0.12509218578845807
2178,9823.498000001222,0.13241341949478974
2179,9823.572000001222,0.13520165763330544
2180,9823.646000001223,0.11602761669314858
2181,9823.720000001224,0.14150434561042513
2182,9823.794000001224,0.1283065576865548
2183,9823.868000001225,0.13311512179374052
2184,9823.942000001225,0.13316592900377278
2185,9824.016000001226,0.12362783343970642
2186,9824.090000001226,0.13235295765369845
2187,9824.164000001227,0.1337729819776918
2188,9824.238000001227,0.12068111776069834
2189,9824.312000001228,0.12662584870054427
2190,9824.386000001228,0.12606382216155712
2191,9824.460000001229,0.13196374668598929
2192,9824.53400000123,0.13941058500607206
2193,9824.60800000123,0.1263847604858172
2194,9824.68200000123,0.12975880833842077
2195,9824.75600000123,0.13496954242880652
2196,9824.830000001231,0.13546418467241877
2197,9824.904000001232,0.12934166318439802
2198,9825.866000001239,0.12789780663402417
2199,9825.94000000124,0.12884634240109935
